product_id,product_name,product_category,price,units_sold,sales_date,store_location
UQ00001,Ultra Stretch Jeans,Bottoms,62.34,15,2025-02-07,"Los Angeles, CA"
UQ00002,HeatTech Scarf,Accessories,112.38,7,2024-07-17,"San Francisco, CA"
UQ00003,Mini Shoulder Bag,Accessories,72.32,11,2024-06-13,"Los Angeles, CA"
UQ00004,HeatTech Scarf,Accessories,74.19,4,2025-03-18,"New York, NY"
UQ00005,Cotton Long Sleeve,Tops,29.9,3,2024-09-18,"Chicago, IL"
UQ00006,Mini Shoulder Bag,Accessories,12.78,2,2024-09-07,"San Francisco, CA"
UQ00007,Ultra Stretch Jeans,Bottoms,110.98,6,2024-08-29,"Houston, TX"
UQ00008,UV Cut Hat,Accessories,10.01,1,2024-07-28,"San Francisco, CA"
UQ00009,Ultra Light Down Jacket,Outerwear,52.49,12,2025-03-17,"Los Angeles, CA"
UQ00010,Hooded Coat,Outerwear,13.13,10,2024-07-13,"Houston, TX"
UQ00011,BlockTech Parka,Outerwear,16.43,16,2025-02-21,"San Francisco, CA"
UQ00012,UV Cut Hat,Accessories,42.49,15,2025-03-18,"Los Angeles, CA"
UQ00013,Leggings Pants,Bottoms,96.47,12,2025-05-16,"Houston, TX"
UQ00014,Chino Shorts,Bottoms,81.89,3,2025-01-01,"Chicago, IL"
UQ00015,Chino Shorts,Bottoms,130.29,7,2024-07-07,"Chicago, IL"
UQ00016,Leggings Pants,Bottoms,33.77,7,2025-01-19,"Los Angeles, CA"
UQ00017,Cotton Long Sleeve,Tops,11.76,14,2024-11-14,"Houston, TX"
UQ00018,Chino Shorts,Bottoms,123.08,9,2024-06-16,"San Francisco, CA"
UQ00019,Leggings Pants,Bottoms,12.14,2,2024-06-15,"Los Angeles, CA"
UQ00020,AIRism T-Shirt,Tops,105.69,15,2024-07-10,"Houston, TX"
UQ00021,Chino Shorts,Bottoms,105.56,12,2024-08-27,"Chicago, IL"
UQ00022,Mini Shoulder Bag,Accessories,79.22,15,2024-09-02,"Los Angeles, CA"
UQ00023,Cotton Long Sleeve,Tops,34.17,17,2024-12-17,"Houston, TX"
UQ00024,UV Cut Hat,Accessories,46.13,8,2025-01-23,"Los Angeles, CA"
UQ00025,Leggings Pants,Bottoms,115.65,6,2024-06-14,"Chicago, IL"
UQ00026,Chino Shorts,Bottoms,39.01,4,2025-01-07,"Houston, TX"
UQ00027,Hooded Coat,Outerwear,35.78,18,2024-08-20,"Chicago, IL"
UQ00028,BlockTech Parka,Outerwear,118.42,2,2025-03-09,"Houston, TX"
UQ00029,Linen Shirt,Tops,65.22,4,2025-02-11,"Houston, TX"
UQ00030,UV Cut Hat,Accessories,93.61,16,2025-03-03,"Los Angeles, CA"
UQ00031,Mini Shoulder Bag,Accessories,55.62,14,2025-01-01,"Chicago, IL"
UQ00032,Hooded Coat,Outerwear,37.34,8,2024-11-13,"San Francisco, CA"
UQ00033,Mini Shoulder Bag,Accessories,128.13,13,2024-08-28,"Houston, TX"
UQ00034,Hooded Coat,Outerwear,47.89,13,2024-11-25,"New York, NY"
UQ00035,UV Cut Hat,Accessories,29.63,15,2025-01-18,"Houston, TX"
UQ00036,AIRism T-Shirt,Tops,33.04,7,2024-09-20,"San Francisco, CA"
UQ00037,Chino Shorts,Bottoms,69.18,1,2025-04-14,"Houston, TX"
UQ00038,Chino Shorts,Bottoms,37.72,11,2025-05-07,"Los Angeles, CA"
UQ00039,Hooded Coat,Outerwear,37.74,8,2024-06-06,"New York, NY"
UQ00040,Ultra Light Down Jacket,Outerwear,111.96,1,2025-03-25,"Los Angeles, CA"
UQ00041,Linen Shirt,Tops,94.73,10,2025-04-12,"Houston, TX"
UQ00042,Linen Shirt,Tops,60.09,9,2024-08-05,"Houston, TX"
UQ00043,Mini Shoulder Bag,Accessories,137.99,9,2025-03-02,"Los Angeles, CA"
UQ00044,Leggings Pants,Bottoms,97.16,2,2024-11-15,"Houston, TX"
UQ00045,Mini Shoulder Bag,Accessories,23.26,5,2024-10-14,"Houston, TX"
UQ00046,Cotton Long Sleeve,Tops,112.04,8,2024-09-19,"Chicago, IL"
UQ00047,Linen Shirt,Tops,48.36,3,2024-08-03,"Los Angeles, CA"
UQ00048,Ultra Stretch Jeans,Bottoms,76.01,5,2024-08-26,"Houston, TX"
UQ00049,Hooded Coat,Outerwear,145.94,3,2025-03-27,"San Francisco, CA"
UQ00050,Linen Shirt,Tops,116.41,14,2024-10-12,"Chicago, IL"
UQ00051,Cotton Long Sleeve,Tops,79.03,9,2024-07-13,"Houston, TX"
UQ00052,Linen Shirt,Tops,109.39,10,2024-07-10,"Chicago, IL"
UQ00053,Hooded Coat,Outerwear,71.41,19,2024-10-29,"Houston, TX"
UQ00054,Ultra Light Down Jacket,Outerwear,14.3,7,2024-07-11,"New York, NY"
UQ00055,Leggings Pants,Bottoms,76.45,4,2024-10-21,"New York, NY"
UQ00056,AIRism T-Shirt,Tops,136.96,7,2025-04-29,"Los Angeles, CA"
UQ00057,Chino Shorts,Bottoms,67.35,11,2024-10-15,"New York, NY"
UQ00058,AIRism T-Shirt,Tops,38.33,13,2025-01-24,"San Francisco, CA"
UQ00059,Ultra Light Down Jacket,Outerwear,20.68,19,2024-09-14,"Los Angeles, CA"
UQ00060,AIRism T-Shirt,Tops,32.47,2,2025-04-13,"New York, NY"
UQ00061,AIRism T-Shirt,Tops,97.31,6,2024-06-20,"New York, NY"
UQ00062,Hooded Coat,Outerwear,73.81,12,2025-03-14,"Chicago, IL"
UQ00063,AIRism T-Shirt,Tops,36.02,11,2024-11-29,"Houston, TX"
UQ00064,BlockTech Parka,Outerwear,55.31,7,2024-12-29,"Chicago, IL"
UQ00065,Ultra Light Down Jacket,Outerwear,136.86,1,2024-07-22,"Chicago, IL"
UQ00066,HeatTech Scarf,Accessories,41.81,20,2025-05-28,"New York, NY"
UQ00067,Mini Shoulder Bag,Accessories,59.26,3,2024-10-29,"Los Angeles, CA"
UQ00068,Cotton Long Sleeve,Tops,10.87,8,2024-07-04,"Chicago, IL"
UQ00069,Hooded Coat,Outerwear,84.67,5,2025-01-04,"San Francisco, CA"
UQ00070,Ultra Stretch Jeans,Bottoms,106.84,10,2024-09-25,"San Francisco, CA"
UQ00071,Chino Shorts,Bottoms,57.17,15,2025-04-22,"Chicago, IL"
UQ00072,Ultra Light Down Jacket,Outerwear,33.46,9,2025-02-03,"New York, NY"
UQ00073,Hooded Coat,Outerwear,66.44,17,2025-01-30,"Chicago, IL"
UQ00074,Cotton Long Sleeve,Tops,45.45,12,2025-05-13,"San Francisco, CA"
UQ00075,Hooded Coat,Outerwear,45.15,2,2025-05-04,"San Francisco, CA"
UQ00076,Cotton Long Sleeve,Tops,109.62,5,2024-10-22,"Los Angeles, CA"
UQ00077,Chino Shorts,Bottoms,49.78,17,2025-01-14,"New York, NY"
UQ00078,Cotton Long Sleeve,Tops,47.25,2,2024-08-17,"Chicago, IL"
UQ00079,UV Cut Hat,Accessories,80.28,5,2025-03-04,"San Francisco, CA"
UQ00080,Linen Shirt,Tops,58.21,1,2024-07-01,"Los Angeles, CA"
UQ00081,AIRism T-Shirt,Tops,43.44,2,2024-06-21,"Chicago, IL"
UQ00082,AIRism T-Shirt,Tops,84.23,6,2025-02-15,"Chicago, IL"
UQ00083,Ultra Light Down Jacket,Outerwear,43.79,4,2024-08-31,"Los Angeles, CA"
UQ00084,Chino Shorts,Bottoms,21.22,17,2025-03-31,"Houston, TX"
UQ00085,Cotton Long Sleeve,Tops,111.85,5,2024-09-24,"New York, NY"
UQ00086,Chino Shorts,Bottoms,98.42,6,2024-07-04,"Los Angeles, CA"
UQ00087,Leggings Pants,Bottoms,65.74,16,2025-05-02,"San Francisco, CA"
UQ00088,Ultra Stretch Jeans,Bottoms,121.67,9,2024-09-02,"New York, NY"
UQ00089,BlockTech Parka,Outerwear,54.81,6,2025-05-06,"San Francisco, CA"
UQ00090,Ultra Light Down Jacket,Outerwear,107.31,3,2024-07-13,"Houston, TX"
UQ00091,Cotton Long Sleeve,Tops,92.63,4,2024-10-29,"New York, NY"
UQ00092,AIRism T-Shirt,Tops,12.22,3,2024-09-19,"Chicago, IL"
UQ00093,BlockTech Parka,Outerwear,123.23,20,2024-11-27,"Chicago, IL"
UQ00094,Hooded Coat,Outerwear,100.22,20,2025-02-05,"Los Angeles, CA"
UQ00095,AIRism T-Shirt,Tops,141.57,8,2025-04-23,"New York, NY"
UQ00096,AIRism T-Shirt,Tops,64.04,18,2024-10-23,"New York, NY"
UQ00097,UV Cut Hat,Accessories,127.18,11,2024-08-06,"New York, NY"
UQ00098,Leggings Pants,Bottoms,57.65,18,2024-10-25,"Los Angeles, CA"
UQ00099,UV Cut Hat,Accessories,139.36,10,2024-10-19,"Houston, TX"
UQ00100,Ultra Light Down Jacket,Outerwear,46.01,16,2024-08-24,"Los Angeles, CA"
UQ00101,HeatTech Scarf,Accessories,124.31,20,2025-02-19,"Chicago, IL"
UQ00102,Mini Shoulder Bag,Accessories,84.05,2,2024-09-15,"Los Angeles, CA"
UQ00103,Chino Shorts,Bottoms,149.38,12,2025-03-03,"New York, NY"
UQ00104,Mini Shoulder Bag,Accessories,88.06,9,2025-06-02,"San Francisco, CA"
UQ00105,Cotton Long Sleeve,Tops,48.94,19,2025-02-24,"San Francisco, CA"
UQ00106,UV Cut Hat,Accessories,111.53,3,2025-02-10,"New York, NY"
UQ00107,Linen Shirt,Tops,129.79,1,2024-07-01,"New York, NY"
UQ00108,Mini Shoulder Bag,Accessories,99.78,11,2025-01-26,"New York, NY"
UQ00109,Mini Shoulder Bag,Accessories,140.89,4,2025-02-05,"Los Angeles, CA"
UQ00110,UV Cut Hat,Accessories,135.7,20,2024-08-09,"San Francisco, CA"
UQ00111,Ultra Stretch Jeans,Bottoms,91.2,16,2024-12-28,"Houston, TX"
UQ00112,BlockTech Parka,Outerwear,24.11,3,2025-03-14,"New York, NY"
UQ00113,BlockTech Parka,Outerwear,146.21,18,2024-09-07,"Houston, TX"
UQ00114,Leggings Pants,Bottoms,32.41,18,2024-08-06,"Chicago, IL"
UQ00115,Leggings Pants,Bottoms,77.89,3,2024-11-30,"Los Angeles, CA"
UQ00116,Linen Shirt,Tops,101.17,9,2024-10-29,"Houston, TX"
UQ00117,Mini Shoulder Bag,Accessories,34.53,4,2024-09-16,"New York, NY"
UQ00118,AIRism T-Shirt,Tops,43.11,16,2025-05-29,"Houston, TX"
UQ00119,Linen Shirt,Tops,114.41,8,2025-02-07,"San Francisco, CA"
UQ00120,Hooded Coat,Outerwear,128.79,17,2025-02-26,"New York, NY"
UQ00121,Ultra Stretch Jeans,Bottoms,53.03,16,2025-01-06,"San Francisco, CA"
UQ00122,Cotton Long Sleeve,Tops,23.01,19,2024-08-28,"Los Angeles, CA"
UQ00123,Chino Shorts,Bottoms,98.99,14,2025-02-24,"Chicago, IL"
UQ00124,HeatTech Scarf,Accessories,92.48,6,2024-10-07,"Chicago, IL"
UQ00125,Mini Shoulder Bag,Accessories,64.93,8,2025-04-27,"Houston, TX"
UQ00126,UV Cut Hat,Accessories,98.26,2,2025-03-29,"San Francisco, CA"
UQ00127,Chino Shorts,Bottoms,58.91,1,2025-04-01,"New York, NY"
UQ00128,Ultra Light Down Jacket,Outerwear,90.67,1,2024-06-25,"San Francisco, CA"
UQ00129,BlockTech Parka,Outerwear,37.23,16,2024-08-31,"New York, NY"
UQ00130,BlockTech Parka,Outerwear,49.21,3,2025-04-19,"New York, NY"
UQ00131,AIRism T-Shirt,Tops,117.5,17,2024-06-16,"Los Angeles, CA"
UQ00132,Linen Shirt,Tops,149.14,14,2025-04-12,"Chicago, IL"
UQ00133,Chino Shorts,Bottoms,137.98,3,2024-10-04,"Houston, TX"
UQ00134,UV Cut Hat,Accessories,114.58,5,2024-11-06,"Chicago, IL"
UQ00135,Ultra Light Down Jacket,Outerwear,139.86,17,2024-09-15,"New York, NY"
UQ00136,Leggings Pants,Bottoms,87.29,3,2024-06-29,"Houston, TX"
UQ00137,Mini Shoulder Bag,Accessories,147.15,20,2024-08-24,"New York, NY"
UQ00138,Linen Shirt,Tops,51.12,1,2025-05-24,"New York, NY"
UQ00139,HeatTech Scarf,Accessories,54.27,18,2025-01-10,"Los Angeles, CA"
UQ00140,Linen Shirt,Tops,87.85,3,2025-05-10,"Houston, TX"
UQ00141,BlockTech Parka,Outerwear,89.71,18,2025-03-09,"New York, NY"
UQ00142,BlockTech Parka,Outerwear,96.0,2,2024-10-04,"New York, NY"
UQ00143,Ultra Stretch Jeans,Bottoms,45.48,10,2024-08-25,"New York, NY"
UQ00144,Linen Shirt,Tops,132.73,17,2025-02-13,"Los Angeles, CA"
UQ00145,HeatTech Scarf,Accessories,128.71,9,2024-12-14,"Chicago, IL"
UQ00146,AIRism T-Shirt,Tops,108.25,16,2024-11-04,"Houston, TX"
UQ00147,BlockTech Parka,Outerwear,87.29,10,2025-05-13,"San Francisco, CA"
UQ00148,Hooded Coat,Outerwear,123.21,3,2025-05-25,"Houston, TX"
UQ00149,BlockTech Parka,Outerwear,45.77,13,2025-02-08,"San Francisco, CA"
UQ00150,Hooded Coat,Outerwear,21.32,7,2024-11-29,"Houston, TX"
UQ00151,Leggings Pants,Bottoms,80.11,13,2024-07-29,"Los Angeles, CA"
UQ00152,Mini Shoulder Bag,Accessories,37.1,8,2024-09-14,"Houston, TX"
UQ00153,Ultra Stretch Jeans,Bottoms,108.18,16,2024-07-28,"San Francisco, CA"
UQ00154,Hooded Coat,Outerwear,17.01,19,2024-09-07,"Los Angeles, CA"
UQ00155,Chino Shorts,Bottoms,57.22,2,2025-03-20,"Los Angeles, CA"
UQ00156,UV Cut Hat,Accessories,23.06,19,2025-01-08,"Los Angeles, CA"
UQ00157,Mini Shoulder Bag,Accessories,75.08,17,2024-12-30,"Los Angeles, CA"
UQ00158,Ultra Light Down Jacket,Outerwear,15.13,6,2024-09-14,"Los Angeles, CA"
UQ00159,BlockTech Parka,Outerwear,52.36,11,2025-03-21,"Houston, TX"
UQ00160,Hooded Coat,Outerwear,27.69,1,2025-01-17,"Houston, TX"
UQ00161,BlockTech Parka,Outerwear,125.8,12,2024-11-17,"Los Angeles, CA"
UQ00162,AIRism T-Shirt,Tops,145.04,7,2025-05-18,"Houston, TX"
UQ00163,Hooded Coat,Outerwear,21.85,13,2025-01-16,"San Francisco, CA"
UQ00164,Chino Shorts,Bottoms,37.11,15,2024-11-06,"San Francisco, CA"
UQ00165,BlockTech Parka,Outerwear,107.83,8,2024-10-22,"Chicago, IL"
UQ00166,BlockTech Parka,Outerwear,111.55,13,2024-08-28,"Chicago, IL"
UQ00167,Ultra Stretch Jeans,Bottoms,145.64,10,2024-07-27,"Chicago, IL"
UQ00168,Cotton Long Sleeve,Tops,55.11,17,2024-12-18,"New York, NY"
UQ00169,Hooded Coat,Outerwear,65.73,19,2024-12-12,"Chicago, IL"
UQ00170,Ultra Light Down Jacket,Outerwear,71.36,5,2024-07-09,"Chicago, IL"
UQ00171,AIRism T-Shirt,Tops,35.71,9,2025-03-24,"Los Angeles, CA"
UQ00172,Ultra Stretch Jeans,Bottoms,106.29,1,2024-06-22,"Los Angeles, CA"
UQ00173,AIRism T-Shirt,Tops,34.16,1,2025-05-04,"Chicago, IL"
UQ00174,AIRism T-Shirt,Tops,71.83,16,2024-07-16,"Los Angeles, CA"
UQ00175,Linen Shirt,Tops,35.5,13,2024-08-02,"Houston, TX"
UQ00176,Cotton Long Sleeve,Tops,49.09,16,2025-02-02,"Los Angeles, CA"
UQ00177,UV Cut Hat,Accessories,82.24,5,2024-08-05,"Los Angeles, CA"
UQ00178,Mini Shoulder Bag,Accessories,95.54,3,2025-04-07,"Houston, TX"
UQ00179,UV Cut Hat,Accessories,44.58,16,2025-02-23,"Houston, TX"
UQ00180,Chino Shorts,Bottoms,32.11,14,2024-11-14,"San Francisco, CA"
UQ00181,Mini Shoulder Bag,Accessories,22.75,15,2025-01-21,"Houston, TX"
UQ00182,Ultra Light Down Jacket,Outerwear,15.6,14,2024-06-28,"Los Angeles, CA"
UQ00183,Linen Shirt,Tops,147.03,5,2024-10-31,"Los Angeles, CA"
UQ00184,BlockTech Parka,Outerwear,76.28,16,2024-10-30,"San Francisco, CA"
UQ00185,Ultra Light Down Jacket,Outerwear,122.87,4,2025-01-21,"Houston, TX"
UQ00186,Hooded Coat,Outerwear,34.15,5,2024-12-02,"Los Angeles, CA"
UQ00187,Ultra Stretch Jeans,Bottoms,65.69,10,2024-12-26,"Los Angeles, CA"
UQ00188,Leggings Pants,Bottoms,142.78,4,2024-09-09,"Los Angeles, CA"
UQ00189,Ultra Light Down Jacket,Outerwear,16.24,10,2025-01-04,"New York, NY"
UQ00190,Chino Shorts,Bottoms,97.52,1,2025-05-04,"Houston, TX"
UQ00191,UV Cut Hat,Accessories,85.41,13,2024-06-08,"Los Angeles, CA"
UQ00192,UV Cut Hat,Accessories,32.71,16,2025-02-23,"Chicago, IL"
UQ00193,Cotton Long Sleeve,Tops,99.84,17,2025-03-10,"San Francisco, CA"
UQ00194,BlockTech Parka,Outerwear,131.31,20,2024-07-18,"Los Angeles, CA"
UQ00195,Chino Shorts,Bottoms,90.47,18,2025-02-23,"Houston, TX"
UQ00196,BlockTech Parka,Outerwear,90.17,1,2025-05-13,"Houston, TX"
UQ00197,UV Cut Hat,Accessories,74.06,19,2024-12-29,"Los Angeles, CA"
UQ00198,Chino Shorts,Bottoms,124.79,12,2025-03-22,"San Francisco, CA"
UQ00199,Chino Shorts,Bottoms,63.95,1,2024-09-15,"Houston, TX"
UQ00200,Leggings Pants,Bottoms,101.11,11,2025-03-29,"Chicago, IL"
UQ00201,BlockTech Parka,Outerwear,37.31,13,2025-02-07,"Houston, TX"
UQ00202,Hooded Coat,Outerwear,39.94,14,2024-10-14,"Los Angeles, CA"
UQ00203,Hooded Coat,Outerwear,12.45,19,2024-07-17,"San Francisco, CA"
UQ00204,Hooded Coat,Outerwear,96.46,17,2024-09-25,"Los Angeles, CA"
UQ00205,Leggings Pants,Bottoms,101.7,10,2024-11-19,"Houston, TX"
UQ00206,Mini Shoulder Bag,Accessories,13.16,2,2024-08-04,"Chicago, IL"
UQ00207,AIRism T-Shirt,Tops,46.4,7,2024-11-27,"New York, NY"
UQ00208,AIRism T-Shirt,Tops,26.44,18,2024-06-05,"Houston, TX"
UQ00209,AIRism T-Shirt,Tops,97.95,4,2025-03-11,"Chicago, IL"
UQ00210,Chino Shorts,Bottoms,68.41,4,2025-05-10,"New York, NY"
UQ00211,Ultra Light Down Jacket,Outerwear,34.74,9,2025-03-10,"Houston, TX"
UQ00212,Linen Shirt,Tops,89.49,3,2024-09-14,"San Francisco, CA"
UQ00213,Ultra Light Down Jacket,Outerwear,148.57,16,2024-12-15,"Houston, TX"
UQ00214,Linen Shirt,Tops,27.78,17,2025-03-26,"Los Angeles, CA"
UQ00215,Ultra Stretch Jeans,Bottoms,118.6,5,2024-08-12,"New York, NY"
UQ00216,BlockTech Parka,Outerwear,43.3,13,2024-12-18,"Chicago, IL"
UQ00217,Linen Shirt,Tops,113.49,3,2025-05-24,"New York, NY"
UQ00218,AIRism T-Shirt,Tops,24.34,17,2024-07-15,"Los Angeles, CA"
UQ00219,AIRism T-Shirt,Tops,84.71,20,2025-05-08,"Los Angeles, CA"
UQ00220,AIRism T-Shirt,Tops,125.6,13,2025-02-01,"Houston, TX"
UQ00221,AIRism T-Shirt,Tops,135.27,17,2024-09-27,"San Francisco, CA"
UQ00222,Mini Shoulder Bag,Accessories,17.39,9,2025-04-26,"New York, NY"
UQ00223,HeatTech Scarf,Accessories,128.5,9,2025-02-07,"New York, NY"
UQ00224,Mini Shoulder Bag,Accessories,54.6,14,2024-12-18,"San Francisco, CA"
UQ00225,Chino Shorts,Bottoms,104.65,20,2025-01-26,"Houston, TX"
UQ00226,Ultra Stretch Jeans,Bottoms,90.18,15,2024-08-20,"New York, NY"
UQ00227,UV Cut Hat,Accessories,21.56,5,2024-08-02,"New York, NY"
UQ00228,Leggings Pants,Bottoms,50.95,20,2024-10-27,"Los Angeles, CA"
UQ00229,Leggings Pants,Bottoms,104.05,4,2025-03-27,"Chicago, IL"
UQ00230,Cotton Long Sleeve,Tops,142.37,16,2024-08-05,"New York, NY"
UQ00231,Mini Shoulder Bag,Accessories,120.45,13,2024-12-30,"Los Angeles, CA"
UQ00232,Cotton Long Sleeve,Tops,140.23,7,2025-04-02,"San Francisco, CA"
UQ00233,UV Cut Hat,Accessories,149.33,5,2025-05-28,"Los Angeles, CA"
UQ00234,Mini Shoulder Bag,Accessories,113.08,11,2024-12-26,"New York, NY"
UQ00235,Leggings Pants,Bottoms,108.72,15,2025-05-26,"Houston, TX"
UQ00236,Mini Shoulder Bag,Accessories,29.92,10,2024-06-04,"Chicago, IL"
UQ00237,Ultra Light Down Jacket,Outerwear,127.07,17,2025-01-22,"New York, NY"
UQ00238,Ultra Stretch Jeans,Bottoms,24.06,7,2024-10-07,"New York, NY"
UQ00239,Leggings Pants,Bottoms,69.55,8,2024-12-10,"New York, NY"
UQ00240,Leggings Pants,Bottoms,20.09,18,2024-06-11,"Houston, TX"
UQ00241,Ultra Light Down Jacket,Outerwear,134.77,2,2024-07-17,"Houston, TX"
UQ00242,Cotton Long Sleeve,Tops,21.29,5,2025-05-30,"San Francisco, CA"
UQ00243,Hooded Coat,Outerwear,42.55,8,2024-10-22,"Chicago, IL"
UQ00244,Hooded Coat,Outerwear,62.3,1,2025-05-11,"Los Angeles, CA"
UQ00245,Cotton Long Sleeve,Tops,133.15,17,2025-04-22,"San Francisco, CA"
UQ00246,Ultra Stretch Jeans,Bottoms,142.51,13,2025-04-13,"Houston, TX"
UQ00247,Mini Shoulder Bag,Accessories,115.37,6,2024-10-01,"New York, NY"
UQ00248,Hooded Coat,Outerwear,109.05,19,2024-09-04,"Los Angeles, CA"
UQ00249,HeatTech Scarf,Accessories,118.7,7,2024-06-26,"New York, NY"
UQ00250,UV Cut Hat,Accessories,69.29,19,2024-09-05,"New York, NY"
UQ00251,BlockTech Parka,Outerwear,25.47,3,2025-05-10,"San Francisco, CA"
UQ00252,Hooded Coat,Outerwear,45.42,18,2025-01-10,"New York, NY"
UQ00253,BlockTech Parka,Outerwear,75.51,20,2024-07-04,"New York, NY"
UQ00254,Cotton Long Sleeve,Tops,26.53,9,2024-07-07,"Houston, TX"
UQ00255,Ultra Light Down Jacket,Outerwear,114.09,3,2025-03-15,"New York, NY"
UQ00256,Mini Shoulder Bag,Accessories,91.57,17,2024-12-09,"Chicago, IL"
UQ00257,BlockTech Parka,Outerwear,21.5,1,2025-04-16,"Chicago, IL"
UQ00258,Hooded Coat,Outerwear,41.2,6,2024-06-30,"Los Angeles, CA"
UQ00259,Mini Shoulder Bag,Accessories,122.2,13,2025-03-26,"New York, NY"
UQ00260,AIRism T-Shirt,Tops,145.68,15,2024-12-27,"Chicago, IL"
UQ00261,UV Cut Hat,Accessories,134.66,11,2025-03-28,"Chicago, IL"
UQ00262,Ultra Stretch Jeans,Bottoms,138.58,4,2024-07-22,"Houston, TX"
UQ00263,UV Cut Hat,Accessories,87.44,20,2024-07-23,"New York, NY"
UQ00264,UV Cut Hat,Accessories,20.46,15,2025-02-15,"Chicago, IL"
UQ00265,Cotton Long Sleeve,Tops,98.02,14,2024-12-05,"New York, NY"
UQ00266,Chino Shorts,Bottoms,51.13,1,2025-01-03,"Houston, TX"
UQ00267,Cotton Long Sleeve,Tops,97.76,3,2024-08-07,"New York, NY"
UQ00268,Chino Shorts,Bottoms,136.06,11,2024-09-14,"Los Angeles, CA"
UQ00269,UV Cut Hat,Accessories,49.23,16,2024-12-25,"New York, NY"
UQ00270,Cotton Long Sleeve,Tops,134.54,12,2025-05-08,"San Francisco, CA"
UQ00271,HeatTech Scarf,Accessories,24.85,8,2025-01-25,"Chicago, IL"
UQ00272,BlockTech Parka,Outerwear,33.66,4,2024-11-15,"Houston, TX"
UQ00273,Ultra Stretch Jeans,Bottoms,74.82,18,2024-08-25,"New York, NY"
UQ00274,HeatTech Scarf,Accessories,47.13,5,2025-05-30,"Houston, TX"
UQ00275,Ultra Light Down Jacket,Outerwear,146.32,17,2024-12-30,"Houston, TX"
UQ00276,Mini Shoulder Bag,Accessories,49.07,20,2025-03-24,"Los Angeles, CA"
UQ00277,Chino Shorts,Bottoms,94.29,16,2025-03-14,"New York, NY"
UQ00278,AIRism T-Shirt,Tops,32.67,14,2025-02-26,"New York, NY"
UQ00279,Linen Shirt,Tops,20.57,6,2024-08-21,"New York, NY"
UQ00280,Ultra Stretch Jeans,Bottoms,142.87,5,2025-03-07,"Los Angeles, CA"
UQ00281,UV Cut Hat,Accessories,95.78,2,2024-10-03,"Los Angeles, CA"
UQ00282,Mini Shoulder Bag,Accessories,21.48,18,2024-11-05,"Houston, TX"
UQ00283,Cotton Long Sleeve,Tops,87.12,5,2025-02-19,"New York, NY"
UQ00284,Leggings Pants,Bottoms,13.59,1,2025-02-11,"San Francisco, CA"
UQ00285,Mini Shoulder Bag,Accessories,118.76,18,2024-10-27,"Houston, TX"
UQ00286,Mini Shoulder Bag,Accessories,148.12,17,2024-11-21,"New York, NY"
UQ00287,UV Cut Hat,Accessories,62.64,17,2025-05-19,"Los Angeles, CA"
UQ00288,AIRism T-Shirt,Tops,127.27,2,2024-12-22,"San Francisco, CA"
UQ00289,Cotton Long Sleeve,Tops,15.06,1,2024-11-26,"San Francisco, CA"
UQ00290,Cotton Long Sleeve,Tops,11.81,6,2024-07-20,"New York, NY"
UQ00291,HeatTech Scarf,Accessories,106.74,5,2024-09-08,"Houston, TX"
UQ00292,HeatTech Scarf,Accessories,149.86,6,2024-08-30,"San Francisco, CA"
UQ00293,Mini Shoulder Bag,Accessories,137.74,5,2024-06-28,"Houston, TX"
UQ00294,AIRism T-Shirt,Tops,111.56,10,2024-10-13,"New York, NY"
UQ00295,Hooded Coat,Outerwear,128.85,17,2024-06-12,"New York, NY"
UQ00296,Cotton Long Sleeve,Tops,43.65,9,2025-01-18,"San Francisco, CA"
UQ00297,Mini Shoulder Bag,Accessories,27.98,19,2025-01-05,"Houston, TX"
UQ00298,Leggings Pants,Bottoms,48.36,4,2024-09-01,"Los Angeles, CA"
UQ00299,HeatTech Scarf,Accessories,41.91,17,2025-01-18,"Los Angeles, CA"
UQ00300,Ultra Stretch Jeans,Bottoms,115.88,2,2024-08-28,"Los Angeles, CA"
UQ00301,UV Cut Hat,Accessories,60.04,8,2024-06-06,"San Francisco, CA"
UQ00302,Chino Shorts,Bottoms,13.01,2,2024-07-01,"San Francisco, CA"
UQ00303,Cotton Long Sleeve,Tops,76.57,3,2025-03-05,"Houston, TX"
UQ00304,AIRism T-Shirt,Tops,82.72,12,2025-02-04,"San Francisco, CA"
UQ00305,Leggings Pants,Bottoms,124.19,12,2024-06-26,"Houston, TX"
UQ00306,Ultra Stretch Jeans,Bottoms,88.43,17,2024-08-31,"Los Angeles, CA"
UQ00307,Chino Shorts,Bottoms,28.66,15,2024-06-30,"Chicago, IL"
UQ00308,Ultra Stretch Jeans,Bottoms,68.78,5,2025-05-21,"Chicago, IL"
UQ00309,HeatTech Scarf,Accessories,96.74,2,2024-06-16,"Chicago, IL"
UQ00310,Hooded Coat,Outerwear,122.61,7,2025-05-03,"Houston, TX"
UQ00311,Cotton Long Sleeve,Tops,28.99,2,2024-10-10,"Chicago, IL"
UQ00312,UV Cut Hat,Accessories,58.98,2,2024-07-01,"Los Angeles, CA"
UQ00313,Leggings Pants,Bottoms,99.03,15,2024-12-20,"San Francisco, CA"
UQ00314,AIRism T-Shirt,Tops,71.15,2,2024-09-04,"New York, NY"
UQ00315,UV Cut Hat,Accessories,58.66,6,2024-09-20,"Houston, TX"
UQ00316,Mini Shoulder Bag,Accessories,73.03,15,2025-02-18,"Los Angeles, CA"
UQ00317,Leggings Pants,Bottoms,65.42,10,2024-12-09,"San Francisco, CA"
UQ00318,Ultra Stretch Jeans,Bottoms,130.63,5,2024-08-26,"Chicago, IL"
UQ00319,Mini Shoulder Bag,Accessories,121.41,10,2024-12-30,"Chicago, IL"
UQ00320,Hooded Coat,Outerwear,139.62,10,2024-07-25,"New York, NY"
UQ00321,AIRism T-Shirt,Tops,117.55,20,2025-03-11,"Chicago, IL"
UQ00322,Hooded Coat,Outerwear,74.18,2,2025-06-02,"Chicago, IL"
UQ00323,Mini Shoulder Bag,Accessories,96.81,2,2025-05-12,"Houston, TX"
UQ00324,Hooded Coat,Outerwear,55.93,11,2025-01-11,"New York, NY"
UQ00325,HeatTech Scarf,Accessories,91.05,11,2025-01-13,"San Francisco, CA"
UQ00326,HeatTech Scarf,Accessories,20.52,16,2024-12-04,"New York, NY"
UQ00327,UV Cut Hat,Accessories,31.17,16,2024-09-06,"New York, NY"
UQ00328,BlockTech Parka,Outerwear,99.62,8,2025-04-04,"New York, NY"
UQ00329,AIRism T-Shirt,Tops,107.41,3,2024-12-04,"New York, NY"
UQ00330,Hooded Coat,Outerwear,132.3,18,2025-04-13,"Houston, TX"
UQ00331,Ultra Stretch Jeans,Bottoms,94.17,19,2024-11-09,"Los Angeles, CA"
UQ00332,Cotton Long Sleeve,Tops,15.62,5,2024-08-16,"Los Angeles, CA"
UQ00333,HeatTech Scarf,Accessories,58.21,10,2024-07-10,"New York, NY"
UQ00334,Ultra Light Down Jacket,Outerwear,34.68,6,2024-07-11,"Chicago, IL"
UQ00335,AIRism T-Shirt,Tops,26.79,9,2025-02-14,"San Francisco, CA"
UQ00336,AIRism T-Shirt,Tops,59.74,14,2024-11-18,"San Francisco, CA"
UQ00337,Cotton Long Sleeve,Tops,60.9,14,2024-10-19,"Los Angeles, CA"
UQ00338,Ultra Stretch Jeans,Bottoms,56.11,9,2024-11-15,"San Francisco, CA"
UQ00339,AIRism T-Shirt,Tops,22.82,15,2024-11-10,"Houston, TX"
UQ00340,Chino Shorts,Bottoms,97.81,15,2024-12-02,"Los Angeles, CA"
UQ00341,Ultra Light Down Jacket,Outerwear,81.53,11,2025-05-05,"Chicago, IL"
UQ00342,Chino Shorts,Bottoms,138.82,17,2025-03-14,"Los Angeles, CA"
UQ00343,AIRism T-Shirt,Tops,48.66,1,2024-06-25,"Los Angeles, CA"
UQ00344,Ultra Light Down Jacket,Outerwear,21.73,3,2025-02-20,"New York, NY"
UQ00345,Hooded Coat,Outerwear,35.73,15,2025-02-12,"New York, NY"
UQ00346,Linen Shirt,Tops,85.02,14,2025-02-09,"Houston, TX"
UQ00347,Leggings Pants,Bottoms,96.46,14,2024-07-12,"Los Angeles, CA"
UQ00348,Ultra Stretch Jeans,Bottoms,74.65,13,2024-06-27,"Chicago, IL"
UQ00349,Linen Shirt,Tops,18.63,19,2024-11-07,"Houston, TX"
UQ00350,BlockTech Parka,Outerwear,109.77,15,2025-03-13,"New York, NY"
UQ00351,AIRism T-Shirt,Tops,128.12,11,2024-10-13,"San Francisco, CA"
UQ00352,UV Cut Hat,Accessories,84.4,13,2025-04-10,"New York, NY"
UQ00353,Leggings Pants,Bottoms,131.31,6,2025-05-04,"Los Angeles, CA"
UQ00354,AIRism T-Shirt,Tops,84.47,15,2024-07-16,"Los Angeles, CA"
UQ00355,UV Cut Hat,Accessories,24.58,5,2024-09-08,"Houston, TX"
UQ00356,Leggings Pants,Bottoms,35.42,7,2024-08-17,"New York, NY"
UQ00357,Hooded Coat,Outerwear,54.99,7,2024-08-16,"Houston, TX"
UQ00358,BlockTech Parka,Outerwear,22.39,12,2024-12-29,"New York, NY"
UQ00359,BlockTech Parka,Outerwear,42.55,13,2024-11-25,"New York, NY"
UQ00360,Ultra Light Down Jacket,Outerwear,93.0,4,2024-07-28,"Houston, TX"
UQ00361,Cotton Long Sleeve,Tops,59.61,9,2024-11-14,"Chicago, IL"
UQ00362,Mini Shoulder Bag,Accessories,79.68,15,2024-08-14,"Houston, TX"
UQ00363,Cotton Long Sleeve,Tops,91.69,2,2024-09-20,"Los Angeles, CA"
UQ00364,AIRism T-Shirt,Tops,87.98,8,2024-11-30,"Houston, TX"
UQ00365,HeatTech Scarf,Accessories,70.33,19,2024-09-09,"New York, NY"
UQ00366,Leggings Pants,Bottoms,62.93,5,2025-05-09,"New York, NY"
UQ00367,Cotton Long Sleeve,Tops,60.73,2,2025-05-28,"Houston, TX"
UQ00368,Leggings Pants,Bottoms,44.11,13,2024-07-03,"San Francisco, CA"
UQ00369,AIRism T-Shirt,Tops,56.15,1,2024-11-23,"New York, NY"
UQ00370,Ultra Light Down Jacket,Outerwear,10.95,6,2025-04-13,"Los Angeles, CA"
UQ00371,Leggings Pants,Bottoms,61.05,16,2025-05-04,"San Francisco, CA"
UQ00372,Ultra Light Down Jacket,Outerwear,32.4,11,2025-05-02,"Los Angeles, CA"
UQ00373,AIRism T-Shirt,Tops,22.2,9,2025-01-03,"Chicago, IL"
UQ00374,HeatTech Scarf,Accessories,21.13,19,2024-07-12,"Los Angeles, CA"
UQ00375,Chino Shorts,Bottoms,12.45,5,2024-06-23,"Los Angeles, CA"
UQ00376,Cotton Long Sleeve,Tops,147.43,6,2025-02-12,"Chicago, IL"
UQ00377,Chino Shorts,Bottoms,65.6,11,2024-12-30,"Houston, TX"
UQ00378,UV Cut Hat,Accessories,131.07,6,2025-04-24,"New York, NY"
UQ00379,BlockTech Parka,Outerwear,146.41,6,2024-06-09,"San Francisco, CA"
UQ00380,AIRism T-Shirt,Tops,103.51,2,2024-07-10,"Chicago, IL"
UQ00381,Leggings Pants,Bottoms,87.85,8,2025-05-29,"Houston, TX"
UQ00382,Leggings Pants,Bottoms,76.63,13,2025-03-23,"Houston, TX"
UQ00383,AIRism T-Shirt,Tops,117.63,6,2025-04-29,"San Francisco, CA"
UQ00384,AIRism T-Shirt,Tops,145.42,4,2024-09-03,"Los Angeles, CA"
UQ00385,Leggings Pants,Bottoms,69.46,1,2024-08-07,"Los Angeles, CA"
UQ00386,Cotton Long Sleeve,Tops,112.97,12,2024-11-08,"Chicago, IL"
UQ00387,Chino Shorts,Bottoms,25.98,14,2024-12-09,"Los Angeles, CA"
UQ00388,HeatTech Scarf,Accessories,50.31,5,2024-12-07,"Los Angeles, CA"
UQ00389,BlockTech Parka,Outerwear,80.75,4,2024-08-26,"Chicago, IL"
UQ00390,Ultra Light Down Jacket,Outerwear,54.79,3,2025-05-05,"New York, NY"
UQ00391,AIRism T-Shirt,Tops,17.16,18,2024-11-06,"Houston, TX"
UQ00392,AIRism T-Shirt,Tops,73.5,5,2025-05-20,"New York, NY"
UQ00393,BlockTech Parka,Outerwear,18.77,12,2024-06-26,"Chicago, IL"
UQ00394,AIRism T-Shirt,Tops,38.14,8,2024-08-06,"New York, NY"
UQ00395,Hooded Coat,Outerwear,123.28,1,2024-10-29,"Houston, TX"
UQ00396,BlockTech Parka,Outerwear,29.34,9,2024-06-04,"Houston, TX"
UQ00397,Cotton Long Sleeve,Tops,116.33,11,2024-11-02,"Chicago, IL"
UQ00398,Ultra Stretch Jeans,Bottoms,76.14,6,2024-09-14,"San Francisco, CA"
UQ00399,UV Cut Hat,Accessories,67.56,17,2025-05-29,"San Francisco, CA"
UQ00400,Chino Shorts,Bottoms,129.0,12,2025-04-04,"New York, NY"
UQ00401,Ultra Stretch Jeans,Bottoms,67.09,11,2025-04-04,"Los Angeles, CA"
UQ00402,Mini Shoulder Bag,Accessories,141.27,12,2024-11-27,"Houston, TX"
UQ00403,Ultra Light Down Jacket,Outerwear,62.99,1,2024-09-22,"Chicago, IL"
UQ00404,Cotton Long Sleeve,Tops,113.66,8,2024-11-15,"New York, NY"
UQ00405,Mini Shoulder Bag,Accessories,125.81,5,2025-03-01,"Los Angeles, CA"
UQ00406,Leggings Pants,Bottoms,38.13,3,2025-03-14,"New York, NY"
UQ00407,BlockTech Parka,Outerwear,32.9,5,2025-04-04,"New York, NY"
UQ00408,Leggings Pants,Bottoms,42.9,14,2025-01-05,"Houston, TX"
UQ00409,Chino Shorts,Bottoms,83.13,4,2025-02-16,"Los Angeles, CA"
UQ00410,Mini Shoulder Bag,Accessories,54.17,10,2025-03-10,"Los Angeles, CA"
UQ00411,Ultra Light Down Jacket,Outerwear,64.84,8,2024-12-10,"Los Angeles, CA"
UQ00412,Mini Shoulder Bag,Accessories,73.17,8,2024-08-03,"Los Angeles, CA"
UQ00413,Cotton Long Sleeve,Tops,62.67,19,2024-08-16,"New York, NY"
UQ00414,Hooded Coat,Outerwear,97.27,1,2024-09-27,"Houston, TX"
UQ00415,Ultra Light Down Jacket,Outerwear,114.57,15,2024-08-27,"Chicago, IL"
UQ00416,Leggings Pants,Bottoms,90.75,17,2024-06-26,"San Francisco, CA"
UQ00417,Ultra Stretch Jeans,Bottoms,135.84,2,2025-01-14,"San Francisco, CA"
UQ00418,AIRism T-Shirt,Tops,86.0,8,2025-03-16,"San Francisco, CA"
UQ00419,HeatTech Scarf,Accessories,41.96,7,2024-12-31,"Houston, TX"
UQ00420,Ultra Light Down Jacket,Outerwear,26.27,6,2024-06-27,"Chicago, IL"
UQ00421,BlockTech Parka,Outerwear,56.49,19,2025-03-21,"Los Angeles, CA"
UQ00422,Leggings Pants,Bottoms,56.79,20,2024-10-03,"San Francisco, CA"
UQ00423,Linen Shirt,Tops,121.06,1,2024-06-26,"Los Angeles, CA"
UQ00424,UV Cut Hat,Accessories,84.58,7,2024-06-23,"New York, NY"
UQ00425,Leggings Pants,Bottoms,90.14,6,2025-01-16,"Houston, TX"
UQ00426,Ultra Light Down Jacket,Outerwear,115.24,5,2024-12-06,"New York, NY"
UQ00427,Linen Shirt,Tops,118.9,1,2024-12-16,"New York, NY"
UQ00428,Cotton Long Sleeve,Tops,14.59,2,2025-05-27,"San Francisco, CA"
UQ00429,HeatTech Scarf,Accessories,116.64,10,2025-05-01,"San Francisco, CA"
UQ00430,Linen Shirt,Tops,57.79,6,2024-12-27,"Los Angeles, CA"
UQ00431,Leggings Pants,Bottoms,85.01,15,2024-08-04,"Los Angeles, CA"
UQ00432,Ultra Light Down Jacket,Outerwear,128.4,20,2024-06-26,"Houston, TX"
UQ00433,Hooded Coat,Outerwear,65.52,8,2024-12-18,"Los Angeles, CA"
UQ00434,Hooded Coat,Outerwear,30.89,15,2024-07-05,"New York, NY"
UQ00435,AIRism T-Shirt,Tops,67.15,13,2025-04-30,"Chicago, IL"
UQ00436,AIRism T-Shirt,Tops,110.71,19,2024-08-15,"New York, NY"
UQ00437,Cotton Long Sleeve,Tops,107.05,4,2024-06-30,"Los Angeles, CA"
UQ00438,Ultra Stretch Jeans,Bottoms,110.17,5,2025-01-21,"New York, NY"
UQ00439,UV Cut Hat,Accessories,125.65,10,2024-06-30,"Los Angeles, CA"
UQ00440,Ultra Light Down Jacket,Outerwear,57.85,6,2025-02-21,"Houston, TX"
UQ00441,Hooded Coat,Outerwear,66.02,15,2025-05-04,"New York, NY"
UQ00442,Leggings Pants,Bottoms,50.21,11,2024-09-03,"Chicago, IL"
UQ00443,AIRism T-Shirt,Tops,31.37,13,2024-11-07,"Chicago, IL"
UQ00444,Linen Shirt,Tops,29.38,18,2024-07-20,"Houston, TX"
UQ00445,Hooded Coat,Outerwear,95.5,15,2025-06-04,"San Francisco, CA"
UQ00446,AIRism T-Shirt,Tops,111.55,11,2025-05-15,"Los Angeles, CA"
UQ00447,Ultra Light Down Jacket,Outerwear,140.4,4,2025-01-11,"San Francisco, CA"
UQ00448,Ultra Light Down Jacket,Outerwear,138.53,5,2024-09-07,"San Francisco, CA"
UQ00449,Leggings Pants,Bottoms,139.05,8,2025-01-14,"New York, NY"
UQ00450,UV Cut Hat,Accessories,101.09,17,2025-01-20,"San Francisco, CA"
UQ00451,Hooded Coat,Outerwear,90.58,9,2024-06-19,"Houston, TX"
UQ00452,Mini Shoulder Bag,Accessories,69.28,14,2025-01-30,"Los Angeles, CA"
UQ00453,Hooded Coat,Outerwear,140.71,11,2024-07-05,"Houston, TX"
UQ00454,Leggings Pants,Bottoms,73.02,14,2024-11-13,"Chicago, IL"
UQ00455,Cotton Long Sleeve,Tops,42.93,14,2025-02-14,"San Francisco, CA"
UQ00456,Chino Shorts,Bottoms,35.98,1,2025-01-16,"Chicago, IL"
UQ00457,BlockTech Parka,Outerwear,131.69,19,2025-01-09,"New York, NY"
UQ00458,HeatTech Scarf,Accessories,92.68,15,2024-12-24,"Los Angeles, CA"
UQ00459,Ultra Light Down Jacket,Outerwear,17.57,9,2024-10-04,"Houston, TX"
UQ00460,Hooded Coat,Outerwear,38.68,9,2025-06-02,"Los Angeles, CA"
UQ00461,Ultra Light Down Jacket,Outerwear,25.9,20,2024-09-13,"Houston, TX"
UQ00462,Leggings Pants,Bottoms,85.14,11,2024-08-22,"Houston, TX"
UQ00463,HeatTech Scarf,Accessories,139.11,7,2025-02-19,"Houston, TX"
UQ00464,Ultra Stretch Jeans,Bottoms,58.47,2,2025-03-09,"Chicago, IL"
UQ00465,HeatTech Scarf,Accessories,138.48,11,2024-10-04,"Houston, TX"
UQ00466,Leggings Pants,Bottoms,14.5,19,2024-09-04,"San Francisco, CA"
UQ00467,AIRism T-Shirt,Tops,44.65,7,2024-09-15,"Houston, TX"
UQ00468,Chino Shorts,Bottoms,33.07,1,2024-11-04,"Chicago, IL"
UQ00469,Mini Shoulder Bag,Accessories,60.64,11,2024-07-24,"New York, NY"
UQ00470,AIRism T-Shirt,Tops,98.42,18,2025-02-19,"Chicago, IL"
UQ00471,HeatTech Scarf,Accessories,102.8,7,2025-02-09,"Houston, TX"
UQ00472,Mini Shoulder Bag,Accessories,146.48,9,2024-09-28,"New York, NY"
UQ00473,Ultra Light Down Jacket,Outerwear,30.71,8,2024-11-28,"Houston, TX"
UQ00474,Linen Shirt,Tops,80.21,1,2024-10-04,"San Francisco, CA"
UQ00475,Linen Shirt,Tops,53.29,19,2025-05-30,"San Francisco, CA"
UQ00476,AIRism T-Shirt,Tops,39.29,19,2025-03-22,"Chicago, IL"
UQ00477,HeatTech Scarf,Accessories,58.81,17,2025-06-02,"Chicago, IL"
UQ00478,Cotton Long Sleeve,Tops,15.02,16,2024-07-02,"San Francisco, CA"
UQ00479,UV Cut Hat,Accessories,88.98,18,2024-06-07,"Los Angeles, CA"
UQ00480,Cotton Long Sleeve,Tops,51.07,19,2024-11-28,"San Francisco, CA"
UQ00481,Mini Shoulder Bag,Accessories,73.36,2,2025-01-31,"Houston, TX"
UQ00482,AIRism T-Shirt,Tops,84.72,17,2025-01-08,"New York, NY"
UQ00483,BlockTech Parka,Outerwear,66.01,6,2024-07-12,"Chicago, IL"
UQ00484,Cotton Long Sleeve,Tops,117.05,4,2024-07-02,"Houston, TX"
UQ00485,Hooded Coat,Outerwear,35.37,7,2024-12-29,"Houston, TX"
UQ00486,Ultra Stretch Jeans,Bottoms,115.35,10,2024-08-25,"San Francisco, CA"
UQ00487,Linen Shirt,Tops,47.8,14,2024-12-17,"Los Angeles, CA"
UQ00488,Ultra Stretch Jeans,Bottoms,83.62,1,2024-09-14,"New York, NY"
UQ00489,Mini Shoulder Bag,Accessories,13.45,18,2024-07-25,"Houston, TX"
UQ00490,AIRism T-Shirt,Tops,131.28,8,2025-06-01,"New York, NY"
UQ00491,AIRism T-Shirt,Tops,13.69,3,2024-10-17,"Houston, TX"
UQ00492,AIRism T-Shirt,Tops,42.25,8,2025-05-12,"San Francisco, CA"
UQ00493,Ultra Stretch Jeans,Bottoms,24.48,15,2024-06-30,"Chicago, IL"
UQ00494,HeatTech Scarf,Accessories,89.62,19,2025-05-11,"Chicago, IL"
UQ00495,AIRism T-Shirt,Tops,101.28,15,2024-09-06,"Los Angeles, CA"
UQ00496,HeatTech Scarf,Accessories,110.81,3,2024-10-25,"Los Angeles, CA"
UQ00497,UV Cut Hat,Accessories,43.94,14,2024-09-22,"Houston, TX"
UQ00498,Ultra Stretch Jeans,Bottoms,94.35,14,2024-08-04,"Houston, TX"
UQ00499,Leggings Pants,Bottoms,126.13,4,2024-11-21,"Los Angeles, CA"
UQ00500,Cotton Long Sleeve,Tops,142.12,14,2025-04-23,"Los Angeles, CA"
UQ00501,Mini Shoulder Bag,Accessories,50.94,16,2024-12-31,"Houston, TX"
UQ00502,BlockTech Parka,Outerwear,22.07,10,2025-03-04,"Los Angeles, CA"
UQ00503,Chino Shorts,Bottoms,21.87,19,2024-09-29,"New York, NY"
UQ00504,Ultra Light Down Jacket,Outerwear,27.09,19,2025-01-27,"Chicago, IL"
UQ00505,Ultra Light Down Jacket,Outerwear,91.53,18,2025-04-13,"New York, NY"
UQ00506,Cotton Long Sleeve,Tops,134.87,15,2025-02-12,"Chicago, IL"
UQ00507,BlockTech Parka,Outerwear,97.37,11,2024-12-26,"Houston, TX"
UQ00508,Cotton Long Sleeve,Tops,46.22,2,2024-06-07,"Chicago, IL"
UQ00509,Linen Shirt,Tops,60.73,12,2025-02-18,"Los Angeles, CA"
UQ00510,Linen Shirt,Tops,126.19,5,2025-04-17,"Los Angeles, CA"
UQ00511,Ultra Light Down Jacket,Outerwear,67.22,9,2025-01-05,"Chicago, IL"
UQ00512,Hooded Coat,Outerwear,70.96,12,2024-09-28,"New York, NY"
UQ00513,Ultra Stretch Jeans,Bottoms,40.63,12,2025-05-31,"Los Angeles, CA"
UQ00514,Cotton Long Sleeve,Tops,29.52,10,2025-02-16,"San Francisco, CA"
UQ00515,Leggings Pants,Bottoms,89.11,14,2024-07-14,"San Francisco, CA"
UQ00516,Leggings Pants,Bottoms,75.85,17,2025-06-03,"Los Angeles, CA"
UQ00517,BlockTech Parka,Outerwear,77.77,17,2025-05-11,"Los Angeles, CA"
UQ00518,AIRism T-Shirt,Tops,47.51,8,2024-07-26,"Houston, TX"
UQ00519,Mini Shoulder Bag,Accessories,107.74,7,2024-09-14,"San Francisco, CA"
UQ00520,Mini Shoulder Bag,Accessories,40.42,11,2024-07-18,"New York, NY"
UQ00521,UV Cut Hat,Accessories,68.94,13,2025-05-15,"San Francisco, CA"
UQ00522,Cotton Long Sleeve,Tops,106.67,5,2024-07-15,"Houston, TX"
UQ00523,BlockTech Parka,Outerwear,12.47,18,2025-03-19,"San Francisco, CA"
UQ00524,HeatTech Scarf,Accessories,84.05,10,2025-01-04,"Houston, TX"
UQ00525,Ultra Stretch Jeans,Bottoms,90.61,6,2024-08-03,"New York, NY"
UQ00526,Linen Shirt,Tops,19.3,5,2024-09-17,"New York, NY"
UQ00527,UV Cut Hat,Accessories,101.1,12,2024-09-21,"Los Angeles, CA"
UQ00528,Ultra Light Down Jacket,Outerwear,38.8,10,2025-01-24,"Los Angeles, CA"
UQ00529,Chino Shorts,Bottoms,29.5,6,2024-08-24,"Chicago, IL"
UQ00530,BlockTech Parka,Outerwear,112.41,2,2025-03-09,"Chicago, IL"
UQ00531,Hooded Coat,Outerwear,93.97,7,2024-10-15,"Chicago, IL"
UQ00532,BlockTech Parka,Outerwear,90.16,17,2024-08-22,"Chicago, IL"
UQ00533,UV Cut Hat,Accessories,68.53,14,2025-02-25,"Houston, TX"
UQ00534,Hooded Coat,Outerwear,16.48,11,2025-02-05,"San Francisco, CA"
UQ00535,Ultra Stretch Jeans,Bottoms,35.71,4,2025-05-01,"San Francisco, CA"
UQ00536,UV Cut Hat,Accessories,117.84,11,2024-09-14,"Los Angeles, CA"
UQ00537,HeatTech Scarf,Accessories,50.32,4,2024-12-17,"Houston, TX"
UQ00538,Mini Shoulder Bag,Accessories,110.57,7,2024-12-10,"Los Angeles, CA"
UQ00539,HeatTech Scarf,Accessories,95.36,2,2024-09-09,"Houston, TX"
UQ00540,Hooded Coat,Outerwear,65.43,5,2025-05-21,"Los Angeles, CA"
UQ00541,Cotton Long Sleeve,Tops,77.63,4,2025-05-22,"Los Angeles, CA"
UQ00542,UV Cut Hat,Accessories,85.48,19,2025-04-28,"Chicago, IL"
UQ00543,Linen Shirt,Tops,93.21,11,2024-06-23,"New York, NY"
UQ00544,Ultra Stretch Jeans,Bottoms,128.4,13,2024-07-09,"Los Angeles, CA"
UQ00545,UV Cut Hat,Accessories,31.55,9,2025-02-05,"Chicago, IL"
UQ00546,Ultra Light Down Jacket,Outerwear,117.83,9,2024-11-15,"Los Angeles, CA"
UQ00547,Chino Shorts,Bottoms,20.42,17,2025-04-22,"Houston, TX"
UQ00548,Ultra Light Down Jacket,Outerwear,67.69,11,2024-09-19,"San Francisco, CA"
UQ00549,Linen Shirt,Tops,93.66,7,2024-06-21,"New York, NY"
UQ00550,Cotton Long Sleeve,Tops,20.53,18,2024-06-05,"Los Angeles, CA"
UQ00551,Ultra Stretch Jeans,Bottoms,121.82,12,2024-10-11,"New York, NY"
UQ00552,Mini Shoulder Bag,Accessories,145.38,6,2025-03-30,"Chicago, IL"
UQ00553,HeatTech Scarf,Accessories,92.53,19,2024-07-24,"Houston, TX"
UQ00554,Mini Shoulder Bag,Accessories,53.94,17,2025-02-06,"Houston, TX"
UQ00555,Leggings Pants,Bottoms,29.05,10,2024-09-13,"San Francisco, CA"
UQ00556,Chino Shorts,Bottoms,106.58,17,2024-08-05,"Chicago, IL"
UQ00557,HeatTech Scarf,Accessories,35.82,16,2025-03-18,"Chicago, IL"
UQ00558,Linen Shirt,Tops,132.11,8,2024-11-22,"Houston, TX"
UQ00559,UV Cut Hat,Accessories,99.35,17,2025-01-04,"Chicago, IL"
UQ00560,Linen Shirt,Tops,102.13,16,2025-03-05,"San Francisco, CA"
UQ00561,AIRism T-Shirt,Tops,128.79,18,2024-11-17,"Chicago, IL"
UQ00562,Chino Shorts,Bottoms,78.42,15,2025-01-07,"Houston, TX"
UQ00563,Cotton Long Sleeve,Tops,106.94,9,2024-06-07,"San Francisco, CA"
UQ00564,Mini Shoulder Bag,Accessories,142.07,15,2024-07-17,"Chicago, IL"
UQ00565,Ultra Light Down Jacket,Outerwear,16.08,16,2024-07-03,"San Francisco, CA"
UQ00566,Hooded Coat,Outerwear,139.43,7,2025-05-12,"San Francisco, CA"
UQ00567,BlockTech Parka,Outerwear,14.65,7,2025-02-27,"Los Angeles, CA"
UQ00568,UV Cut Hat,Accessories,51.53,16,2025-05-21,"Chicago, IL"
UQ00569,BlockTech Parka,Outerwear,26.04,18,2024-07-31,"San Francisco, CA"
UQ00570,Cotton Long Sleeve,Tops,114.21,20,2025-01-01,"Los Angeles, CA"
UQ00571,HeatTech Scarf,Accessories,128.14,18,2024-06-17,"Houston, TX"
UQ00572,Mini Shoulder Bag,Accessories,83.04,7,2025-04-24,"Los Angeles, CA"
UQ00573,UV Cut Hat,Accessories,15.08,3,2024-10-25,"New York, NY"
UQ00574,Ultra Stretch Jeans,Bottoms,88.39,13,2025-01-16,"San Francisco, CA"
UQ00575,Hooded Coat,Outerwear,20.67,5,2025-01-04,"San Francisco, CA"
UQ00576,Mini Shoulder Bag,Accessories,84.14,12,2024-07-31,"New York, NY"
UQ00577,Cotton Long Sleeve,Tops,90.04,17,2024-11-17,"San Francisco, CA"
UQ00578,Leggings Pants,Bottoms,85.28,13,2024-07-23,"Chicago, IL"
UQ00579,Cotton Long Sleeve,Tops,97.52,16,2024-06-20,"New York, NY"
UQ00580,UV Cut Hat,Accessories,69.65,12,2024-10-01,"San Francisco, CA"
UQ00581,Mini Shoulder Bag,Accessories,42.51,3,2024-10-23,"Chicago, IL"
UQ00582,BlockTech Parka,Outerwear,131.71,13,2025-05-19,"Chicago, IL"
UQ00583,UV Cut Hat,Accessories,83.95,3,2025-06-01,"New York, NY"
UQ00584,Chino Shorts,Bottoms,19.7,14,2025-04-09,"New York, NY"
UQ00585,Ultra Light Down Jacket,Outerwear,59.0,17,2025-05-04,"Chicago, IL"
UQ00586,Ultra Stretch Jeans,Bottoms,66.17,12,2024-06-19,"Houston, TX"
UQ00587,Mini Shoulder Bag,Accessories,97.75,12,2025-05-19,"Houston, TX"
UQ00588,Chino Shorts,Bottoms,147.67,10,2024-10-20,"Houston, TX"
UQ00589,Hooded Coat,Outerwear,22.74,7,2024-08-24,"Chicago, IL"
UQ00590,Chino Shorts,Bottoms,83.05,1,2025-02-23,"San Francisco, CA"
UQ00591,Ultra Stretch Jeans,Bottoms,43.33,3,2024-09-08,"Los Angeles, CA"
UQ00592,Chino Shorts,Bottoms,75.32,18,2025-02-18,"Chicago, IL"
UQ00593,BlockTech Parka,Outerwear,51.38,5,2024-07-13,"Los Angeles, CA"
UQ00594,Leggings Pants,Bottoms,15.79,1,2024-10-19,"Los Angeles, CA"
UQ00595,UV Cut Hat,Accessories,137.35,15,2025-04-02,"Chicago, IL"
UQ00596,Cotton Long Sleeve,Tops,69.79,17,2025-01-07,"San Francisco, CA"
UQ00597,HeatTech Scarf,Accessories,64.73,4,2025-05-13,"New York, NY"
UQ00598,HeatTech Scarf,Accessories,40.46,5,2025-05-09,"New York, NY"
UQ00599,AIRism T-Shirt,Tops,119.99,11,2024-11-08,"Chicago, IL"
UQ00600,Ultra Light Down Jacket,Outerwear,92.3,7,2025-01-31,"Los Angeles, CA"
UQ00601,Hooded Coat,Outerwear,132.98,14,2025-03-22,"New York, NY"
UQ00602,Chino Shorts,Bottoms,94.01,13,2024-08-03,"San Francisco, CA"
UQ00603,HeatTech Scarf,Accessories,148.39,7,2025-05-29,"Los Angeles, CA"
UQ00604,Leggings Pants,Bottoms,148.66,8,2025-05-31,"Los Angeles, CA"
UQ00605,Ultra Stretch Jeans,Bottoms,141.88,19,2024-09-03,"Chicago, IL"
UQ00606,Linen Shirt,Tops,81.68,10,2025-05-05,"New York, NY"
UQ00607,Cotton Long Sleeve,Tops,16.47,9,2024-08-06,"Houston, TX"
UQ00608,Mini Shoulder Bag,Accessories,36.0,3,2025-04-10,"New York, NY"
UQ00609,Hooded Coat,Outerwear,125.57,5,2025-04-14,"Houston, TX"
UQ00610,Linen Shirt,Tops,18.0,15,2024-08-11,"Los Angeles, CA"
UQ00611,Ultra Stretch Jeans,Bottoms,40.19,9,2025-05-12,"Chicago, IL"
UQ00612,UV Cut Hat,Accessories,139.79,17,2024-11-11,"Houston, TX"
UQ00613,Chino Shorts,Bottoms,34.25,10,2024-06-13,"Los Angeles, CA"
UQ00614,Leggings Pants,Bottoms,82.03,18,2024-08-12,"Los Angeles, CA"
UQ00615,Ultra Stretch Jeans,Bottoms,107.34,3,2025-03-17,"New York, NY"
UQ00616,UV Cut Hat,Accessories,124.12,6,2025-05-29,"Chicago, IL"
UQ00617,Ultra Stretch Jeans,Bottoms,97.11,15,2024-10-11,"Houston, TX"
UQ00618,AIRism T-Shirt,Tops,14.78,4,2025-04-03,"Los Angeles, CA"
UQ00619,Chino Shorts,Bottoms,91.11,2,2025-05-31,"Chicago, IL"
UQ00620,AIRism T-Shirt,Tops,73.94,3,2024-11-10,"Los Angeles, CA"
UQ00621,UV Cut Hat,Accessories,48.11,9,2025-04-11,"San Francisco, CA"
UQ00622,HeatTech Scarf,Accessories,16.11,2,2025-02-19,"San Francisco, CA"
UQ00623,Leggings Pants,Bottoms,130.6,9,2025-05-05,"New York, NY"
UQ00624,Cotton Long Sleeve,Tops,55.97,5,2025-03-16,"Los Angeles, CA"
UQ00625,HeatTech Scarf,Accessories,112.83,2,2025-04-14,"New York, NY"
UQ00626,Ultra Light Down Jacket,Outerwear,67.08,15,2024-09-08,"San Francisco, CA"
UQ00627,AIRism T-Shirt,Tops,10.61,5,2024-09-15,"San Francisco, CA"
UQ00628,HeatTech Scarf,Accessories,16.73,18,2024-08-04,"Los Angeles, CA"
UQ00629,AIRism T-Shirt,Tops,21.25,16,2025-04-05,"Houston, TX"
UQ00630,Ultra Stretch Jeans,Bottoms,105.56,5,2025-03-03,"Houston, TX"
UQ00631,Cotton Long Sleeve,Tops,148.71,18,2024-07-15,"New York, NY"
UQ00632,Chino Shorts,Bottoms,79.22,19,2024-10-30,"San Francisco, CA"
UQ00633,Mini Shoulder Bag,Accessories,125.36,8,2025-05-08,"Houston, TX"
UQ00634,Mini Shoulder Bag,Accessories,104.82,13,2024-06-19,"Chicago, IL"
UQ00635,Cotton Long Sleeve,Tops,47.28,6,2025-05-03,"New York, NY"
UQ00636,Hooded Coat,Outerwear,82.88,16,2024-12-03,"Houston, TX"
UQ00637,Linen Shirt,Tops,102.08,1,2024-08-29,"Los Angeles, CA"
UQ00638,Ultra Light Down Jacket,Outerwear,31.93,16,2024-08-20,"New York, NY"
UQ00639,Leggings Pants,Bottoms,109.07,11,2025-04-17,"San Francisco, CA"
UQ00640,AIRism T-Shirt,Tops,43.32,10,2025-05-26,"Los Angeles, CA"
UQ00641,Ultra Light Down Jacket,Outerwear,24.72,6,2024-11-29,"San Francisco, CA"
UQ00642,Leggings Pants,Bottoms,36.39,5,2024-10-17,"Chicago, IL"
UQ00643,BlockTech Parka,Outerwear,133.22,19,2024-09-30,"San Francisco, CA"
UQ00644,UV Cut Hat,Accessories,132.97,10,2025-04-18,"Chicago, IL"
UQ00645,BlockTech Parka,Outerwear,27.94,11,2025-04-08,"San Francisco, CA"
UQ00646,HeatTech Scarf,Accessories,41.91,7,2025-05-08,"Houston, TX"
UQ00647,Leggings Pants,Bottoms,32.41,4,2024-08-31,"Los Angeles, CA"
UQ00648,BlockTech Parka,Outerwear,87.77,13,2024-08-29,"San Francisco, CA"
UQ00649,BlockTech Parka,Outerwear,80.95,7,2024-06-13,"San Francisco, CA"
UQ00650,Cotton Long Sleeve,Tops,36.94,13,2025-02-15,"Chicago, IL"
UQ00651,UV Cut Hat,Accessories,96.27,17,2024-08-18,"Chicago, IL"
UQ00652,Chino Shorts,Bottoms,88.28,8,2024-11-05,"New York, NY"
UQ00653,UV Cut Hat,Accessories,46.27,13,2024-10-09,"Chicago, IL"
UQ00654,UV Cut Hat,Accessories,119.08,6,2024-09-20,"Los Angeles, CA"
UQ00655,BlockTech Parka,Outerwear,49.57,7,2025-05-05,"Houston, TX"
UQ00656,Hooded Coat,Outerwear,85.68,2,2024-06-30,"Chicago, IL"
UQ00657,UV Cut Hat,Accessories,57.76,15,2025-03-31,"Los Angeles, CA"
UQ00658,Leggings Pants,Bottoms,140.38,4,2024-09-20,"Houston, TX"
UQ00659,Leggings Pants,Bottoms,34.23,4,2024-10-18,"San Francisco, CA"
UQ00660,HeatTech Scarf,Accessories,19.4,17,2025-02-08,"Houston, TX"
UQ00661,Chino Shorts,Bottoms,117.84,17,2024-12-18,"Houston, TX"
UQ00662,BlockTech Parka,Outerwear,91.4,1,2024-11-06,"Chicago, IL"
UQ00663,Ultra Light Down Jacket,Outerwear,18.01,18,2025-02-22,"New York, NY"
UQ00664,Ultra Stretch Jeans,Bottoms,131.92,15,2025-04-27,"San Francisco, CA"
UQ00665,HeatTech Scarf,Accessories,145.54,4,2024-12-29,"Los Angeles, CA"
UQ00666,Leggings Pants,Bottoms,100.56,20,2024-10-10,"Chicago, IL"
UQ00667,Cotton Long Sleeve,Tops,116.06,7,2025-06-03,"Los Angeles, CA"
UQ00668,Chino Shorts,Bottoms,19.09,1,2024-06-14,"San Francisco, CA"
UQ00669,AIRism T-Shirt,Tops,55.21,15,2024-07-18,"New York, NY"
UQ00670,UV Cut Hat,Accessories,124.53,11,2025-05-10,"Chicago, IL"
UQ00671,Linen Shirt,Tops,105.56,2,2024-09-13,"New York, NY"
UQ00672,Mini Shoulder Bag,Accessories,48.21,4,2024-08-12,"New York, NY"
UQ00673,AIRism T-Shirt,Tops,69.57,13,2025-01-15,"Chicago, IL"
UQ00674,Hooded Coat,Outerwear,129.49,15,2024-09-15,"Chicago, IL"
UQ00675,Linen Shirt,Tops,121.17,11,2024-06-18,"Houston, TX"
UQ00676,Hooded Coat,Outerwear,40.81,2,2024-07-16,"Houston, TX"
UQ00677,Leggings Pants,Bottoms,118.1,20,2025-01-21,"San Francisco, CA"
UQ00678,Ultra Light Down Jacket,Outerwear,101.53,3,2024-11-19,"New York, NY"
UQ00679,Ultra Stretch Jeans,Bottoms,143.02,12,2024-10-16,"Los Angeles, CA"
UQ00680,Leggings Pants,Bottoms,14.28,15,2025-03-13,"Los Angeles, CA"
UQ00681,HeatTech Scarf,Accessories,68.66,20,2025-04-05,"Chicago, IL"
UQ00682,Leggings Pants,Bottoms,65.56,5,2024-10-03,"Los Angeles, CA"
UQ00683,Chino Shorts,Bottoms,147.66,1,2024-11-20,"Chicago, IL"
UQ00684,Hooded Coat,Outerwear,54.8,6,2025-01-25,"Los Angeles, CA"
UQ00685,Mini Shoulder Bag,Accessories,42.09,3,2024-12-19,"Chicago, IL"
UQ00686,BlockTech Parka,Outerwear,14.26,12,2024-07-18,"Los Angeles, CA"
UQ00687,BlockTech Parka,Outerwear,88.69,12,2024-10-31,"New York, NY"
UQ00688,HeatTech Scarf,Accessories,76.15,8,2025-05-19,"New York, NY"
UQ00689,Linen Shirt,Tops,32.19,17,2025-01-13,"Houston, TX"
UQ00690,Mini Shoulder Bag,Accessories,22.66,8,2024-08-16,"Los Angeles, CA"
UQ00691,Cotton Long Sleeve,Tops,117.83,14,2024-09-10,"San Francisco, CA"
UQ00692,UV Cut Hat,Accessories,84.15,7,2024-06-21,"New York, NY"
UQ00693,Ultra Stretch Jeans,Bottoms,97.57,12,2025-03-06,"New York, NY"
UQ00694,Hooded Coat,Outerwear,14.45,3,2024-11-20,"Los Angeles, CA"
UQ00695,Chino Shorts,Bottoms,35.86,15,2024-06-04,"Los Angeles, CA"
UQ00696,Leggings Pants,Bottoms,77.31,14,2024-12-22,"Houston, TX"
UQ00697,Mini Shoulder Bag,Accessories,93.67,12,2025-05-29,"San Francisco, CA"
UQ00698,Ultra Light Down Jacket,Outerwear,44.56,9,2025-04-13,"San Francisco, CA"
UQ00699,Ultra Stretch Jeans,Bottoms,37.97,2,2024-12-30,"Los Angeles, CA"
UQ00700,UV Cut Hat,Accessories,121.56,11,2025-02-25,"New York, NY"
UQ00701,Hooded Coat,Outerwear,147.71,17,2025-03-10,"New York, NY"
UQ00702,BlockTech Parka,Outerwear,11.53,18,2025-06-04,"New York, NY"
UQ00703,Mini Shoulder Bag,Accessories,105.16,18,2025-03-19,"New York, NY"
UQ00704,Linen Shirt,Tops,77.09,6,2025-03-17,"New York, NY"
UQ00705,HeatTech Scarf,Accessories,50.73,13,2025-02-19,"Chicago, IL"
UQ00706,Hooded Coat,Outerwear,115.89,6,2024-08-19,"New York, NY"
UQ00707,AIRism T-Shirt,Tops,136.99,11,2024-10-23,"Los Angeles, CA"
UQ00708,Hooded Coat,Outerwear,77.17,9,2024-11-18,"Houston, TX"
UQ00709,Cotton Long Sleeve,Tops,43.79,14,2024-07-01,"Houston, TX"
UQ00710,Mini Shoulder Bag,Accessories,29.85,16,2025-02-16,"New York, NY"
UQ00711,Cotton Long Sleeve,Tops,77.43,20,2025-05-27,"San Francisco, CA"
UQ00712,BlockTech Parka,Outerwear,58.34,8,2024-10-10,"Los Angeles, CA"
UQ00713,AIRism T-Shirt,Tops,11.27,1,2025-02-01,"Houston, TX"
UQ00714,Cotton Long Sleeve,Tops,82.38,1,2024-10-03,"San Francisco, CA"
UQ00715,Mini Shoulder Bag,Accessories,133.45,1,2025-02-16,"New York, NY"
UQ00716,AIRism T-Shirt,Tops,125.33,7,2025-04-29,"Houston, TX"
UQ00717,UV Cut Hat,Accessories,28.48,7,2024-07-22,"San Francisco, CA"
UQ00718,Cotton Long Sleeve,Tops,38.02,18,2025-03-10,"Houston, TX"
UQ00719,Chino Shorts,Bottoms,124.9,10,2025-05-19,"San Francisco, CA"
UQ00720,UV Cut Hat,Accessories,33.35,17,2024-09-28,"Chicago, IL"
UQ00721,Hooded Coat,Outerwear,143.12,3,2024-12-17,"New York, NY"
UQ00722,AIRism T-Shirt,Tops,135.37,9,2024-10-02,"Chicago, IL"
UQ00723,AIRism T-Shirt,Tops,140.97,7,2025-02-17,"San Francisco, CA"
UQ00724,AIRism T-Shirt,Tops,95.71,9,2024-11-09,"Chicago, IL"
UQ00725,Cotton Long Sleeve,Tops,109.17,8,2024-10-08,"Los Angeles, CA"
UQ00726,AIRism T-Shirt,Tops,142.53,20,2024-11-07,"Chicago, IL"
UQ00727,BlockTech Parka,Outerwear,57.42,7,2025-03-01,"Chicago, IL"
UQ00728,Leggings Pants,Bottoms,102.41,16,2024-09-26,"Houston, TX"
UQ00729,Leggings Pants,Bottoms,86.56,3,2025-01-05,"Chicago, IL"
UQ00730,BlockTech Parka,Outerwear,15.61,10,2024-07-23,"Los Angeles, CA"
UQ00731,BlockTech Parka,Outerwear,71.31,18,2024-08-17,"San Francisco, CA"
UQ00732,Ultra Light Down Jacket,Outerwear,18.35,12,2024-11-14,"New York, NY"
UQ00733,Mini Shoulder Bag,Accessories,32.24,13,2025-02-17,"Los Angeles, CA"
UQ00734,Ultra Light Down Jacket,Outerwear,96.1,19,2025-06-04,"Chicago, IL"
UQ00735,BlockTech Parka,Outerwear,146.52,4,2024-10-29,"New York, NY"
UQ00736,Ultra Light Down Jacket,Outerwear,114.1,19,2025-02-22,"San Francisco, CA"
UQ00737,UV Cut Hat,Accessories,32.53,6,2025-03-21,"Houston, TX"
UQ00738,Mini Shoulder Bag,Accessories,110.59,5,2025-05-20,"Houston, TX"
UQ00739,Hooded Coat,Outerwear,149.39,9,2024-08-10,"New York, NY"
UQ00740,Chino Shorts,Bottoms,78.96,10,2025-01-29,"Chicago, IL"
UQ00741,AIRism T-Shirt,Tops,66.36,15,2025-01-11,"New York, NY"
UQ00742,Chino Shorts,Bottoms,45.98,12,2024-09-28,"Houston, TX"
UQ00743,Leggings Pants,Bottoms,34.29,20,2024-11-08,"New York, NY"
UQ00744,Linen Shirt,Tops,97.93,12,2025-01-02,"Houston, TX"
UQ00745,BlockTech Parka,Outerwear,117.38,18,2025-04-23,"San Francisco, CA"
UQ00746,BlockTech Parka,Outerwear,131.28,9,2024-06-04,"Los Angeles, CA"
UQ00747,UV Cut Hat,Accessories,71.31,2,2024-09-30,"New York, NY"
UQ00748,Linen Shirt,Tops,78.03,2,2024-09-23,"Houston, TX"
UQ00749,Mini Shoulder Bag,Accessories,93.58,4,2024-08-24,"San Francisco, CA"
UQ00750,Mini Shoulder Bag,Accessories,68.94,10,2024-11-17,"Los Angeles, CA"
UQ00751,Mini Shoulder Bag,Accessories,148.8,12,2025-04-05,"Los Angeles, CA"
UQ00752,Cotton Long Sleeve,Tops,63.64,18,2025-01-15,"San Francisco, CA"
UQ00753,AIRism T-Shirt,Tops,98.32,15,2025-01-25,"Los Angeles, CA"
UQ00754,BlockTech Parka,Outerwear,42.91,8,2025-02-13,"New York, NY"
UQ00755,Ultra Light Down Jacket,Outerwear,66.64,10,2024-10-07,"Los Angeles, CA"
UQ00756,Mini Shoulder Bag,Accessories,43.16,14,2024-12-01,"Los Angeles, CA"
UQ00757,Cotton Long Sleeve,Tops,81.67,5,2024-11-22,"Houston, TX"
UQ00758,Hooded Coat,Outerwear,129.51,13,2024-11-22,"Houston, TX"
UQ00759,Linen Shirt,Tops,71.1,15,2025-02-21,"Houston, TX"
UQ00760,UV Cut Hat,Accessories,92.91,7,2024-08-25,"Houston, TX"
UQ00761,Mini Shoulder Bag,Accessories,60.19,2,2024-12-19,"San Francisco, CA"
UQ00762,Hooded Coat,Outerwear,23.24,17,2024-12-04,"Houston, TX"
UQ00763,Ultra Stretch Jeans,Bottoms,64.65,2,2025-04-08,"Chicago, IL"
UQ00764,Cotton Long Sleeve,Tops,130.02,5,2025-05-19,"Chicago, IL"
UQ00765,Linen Shirt,Tops,55.43,8,2025-04-09,"Los Angeles, CA"
UQ00766,Ultra Light Down Jacket,Outerwear,93.72,4,2025-03-16,"Houston, TX"
UQ00767,Hooded Coat,Outerwear,145.67,15,2024-08-08,"San Francisco, CA"
UQ00768,Linen Shirt,Tops,42.75,10,2025-02-14,"New York, NY"
UQ00769,Chino Shorts,Bottoms,20.19,14,2024-07-06,"Los Angeles, CA"
UQ00770,Cotton Long Sleeve,Tops,56.22,10,2024-09-22,"San Francisco, CA"
UQ00771,HeatTech Scarf,Accessories,103.61,9,2024-12-21,"Houston, TX"
UQ00772,AIRism T-Shirt,Tops,70.22,20,2025-02-16,"Houston, TX"
UQ00773,Ultra Stretch Jeans,Bottoms,92.2,12,2025-02-04,"San Francisco, CA"
UQ00774,Mini Shoulder Bag,Accessories,108.85,20,2025-01-30,"Houston, TX"
UQ00775,UV Cut Hat,Accessories,63.01,11,2024-10-12,"Houston, TX"
UQ00776,Chino Shorts,Bottoms,113.0,5,2024-07-10,"Los Angeles, CA"
UQ00777,HeatTech Scarf,Accessories,84.59,17,2025-04-17,"Houston, TX"
UQ00778,Ultra Stretch Jeans,Bottoms,128.08,12,2025-03-22,"Houston, TX"
UQ00779,Chino Shorts,Bottoms,72.39,15,2024-09-03,"San Francisco, CA"
UQ00780,Chino Shorts,Bottoms,131.46,12,2025-02-20,"New York, NY"
UQ00781,Ultra Stretch Jeans,Bottoms,85.49,20,2024-10-02,"Houston, TX"
UQ00782,Mini Shoulder Bag,Accessories,47.66,2,2024-08-30,"Houston, TX"
UQ00783,Hooded Coat,Outerwear,27.12,5,2025-04-13,"Chicago, IL"
UQ00784,AIRism T-Shirt,Tops,141.02,1,2024-08-20,"Chicago, IL"
UQ00785,HeatTech Scarf,Accessories,27.0,6,2024-07-31,"San Francisco, CA"
UQ00786,Leggings Pants,Bottoms,35.1,5,2024-06-13,"Los Angeles, CA"
UQ00787,Leggings Pants,Bottoms,24.36,19,2024-06-21,"Chicago, IL"
UQ00788,AIRism T-Shirt,Tops,15.72,10,2024-09-07,"Chicago, IL"
UQ00789,Mini Shoulder Bag,Accessories,65.53,18,2024-12-05,"New York, NY"
UQ00790,HeatTech Scarf,Accessories,145.02,11,2025-01-27,"Houston, TX"
UQ00791,AIRism T-Shirt,Tops,12.33,18,2025-04-30,"New York, NY"
UQ00792,Cotton Long Sleeve,Tops,146.13,7,2025-03-29,"New York, NY"
UQ00793,Ultra Light Down Jacket,Outerwear,73.56,15,2024-07-02,"New York, NY"
UQ00794,Cotton Long Sleeve,Tops,82.94,12,2024-11-27,"Los Angeles, CA"
UQ00795,Ultra Light Down Jacket,Outerwear,84.41,13,2024-11-11,"New York, NY"
UQ00796,UV Cut Hat,Accessories,30.0,18,2025-05-14,"Chicago, IL"
UQ00797,Ultra Stretch Jeans,Bottoms,38.16,8,2025-02-03,"New York, NY"
UQ00798,Ultra Stretch Jeans,Bottoms,145.69,1,2025-01-13,"San Francisco, CA"
UQ00799,Ultra Stretch Jeans,Bottoms,112.22,6,2024-08-18,"Los Angeles, CA"
UQ00800,UV Cut Hat,Accessories,131.44,15,2025-03-09,"San Francisco, CA"
UQ00801,Ultra Stretch Jeans,Bottoms,106.87,11,2025-03-01,"Los Angeles, CA"
UQ00802,BlockTech Parka,Outerwear,105.55,18,2024-10-31,"Chicago, IL"
UQ00803,UV Cut Hat,Accessories,44.08,8,2024-12-12,"Chicago, IL"
UQ00804,UV Cut Hat,Accessories,130.95,17,2024-11-06,"Houston, TX"
UQ00805,Ultra Light Down Jacket,Outerwear,14.15,8,2024-09-06,"Chicago, IL"
UQ00806,Ultra Light Down Jacket,Outerwear,121.27,4,2024-07-31,"Houston, TX"
UQ00807,Mini Shoulder Bag,Accessories,104.61,19,2025-02-13,"New York, NY"
UQ00808,Ultra Light Down Jacket,Outerwear,141.62,14,2025-02-26,"New York, NY"
UQ00809,Ultra Stretch Jeans,Bottoms,65.04,5,2024-06-06,"Los Angeles, CA"
UQ00810,Cotton Long Sleeve,Tops,90.71,2,2025-05-16,"San Francisco, CA"
UQ00811,Linen Shirt,Tops,149.82,6,2025-03-22,"New York, NY"
UQ00812,Leggings Pants,Bottoms,54.44,1,2025-05-04,"San Francisco, CA"
UQ00813,Leggings Pants,Bottoms,66.87,16,2025-03-30,"Houston, TX"
UQ00814,Linen Shirt,Tops,115.24,13,2025-05-13,"San Francisco, CA"
UQ00815,Cotton Long Sleeve,Tops,50.32,11,2024-07-15,"Chicago, IL"
UQ00816,Hooded Coat,Outerwear,132.89,6,2025-04-02,"Chicago, IL"
UQ00817,AIRism T-Shirt,Tops,55.68,6,2024-11-16,"Los Angeles, CA"
UQ00818,Leggings Pants,Bottoms,71.24,2,2024-08-27,"New York, NY"
UQ00819,AIRism T-Shirt,Tops,116.62,9,2024-08-11,"Los Angeles, CA"
UQ00820,HeatTech Scarf,Accessories,54.31,13,2025-04-12,"Los Angeles, CA"
UQ00821,Hooded Coat,Outerwear,124.4,7,2025-03-01,"Chicago, IL"
UQ00822,Mini Shoulder Bag,Accessories,10.71,15,2024-12-22,"New York, NY"
UQ00823,UV Cut Hat,Accessories,98.13,7,2024-12-01,"San Francisco, CA"
UQ00824,Leggings Pants,Bottoms,88.78,19,2024-06-23,"Chicago, IL"
UQ00825,Leggings Pants,Bottoms,64.3,1,2025-01-06,"Los Angeles, CA"
UQ00826,Leggings Pants,Bottoms,43.16,17,2024-09-08,"San Francisco, CA"
UQ00827,Ultra Light Down Jacket,Outerwear,72.12,6,2025-05-26,"New York, NY"
UQ00828,Cotton Long Sleeve,Tops,20.15,3,2025-04-29,"Los Angeles, CA"
UQ00829,Leggings Pants,Bottoms,33.48,14,2024-07-21,"Houston, TX"
UQ00830,HeatTech Scarf,Accessories,96.63,14,2024-11-28,"Houston, TX"
UQ00831,Hooded Coat,Outerwear,79.96,8,2024-07-25,"San Francisco, CA"
UQ00832,Leggings Pants,Bottoms,82.57,6,2025-04-11,"Chicago, IL"
UQ00833,Linen Shirt,Tops,137.89,12,2024-12-01,"Chicago, IL"
UQ00834,AIRism T-Shirt,Tops,30.76,16,2025-02-18,"Houston, TX"
UQ00835,HeatTech Scarf,Accessories,91.12,12,2024-12-27,"New York, NY"
UQ00836,Ultra Light Down Jacket,Outerwear,76.64,11,2025-01-07,"Los Angeles, CA"
UQ00837,Mini Shoulder Bag,Accessories,116.98,6,2025-01-21,"Los Angeles, CA"
UQ00838,Chino Shorts,Bottoms,114.46,12,2024-10-05,"New York, NY"
UQ00839,Chino Shorts,Bottoms,143.67,13,2025-03-24,"New York, NY"
UQ00840,Leggings Pants,Bottoms,125.04,11,2025-05-16,"New York, NY"
UQ00841,Cotton Long Sleeve,Tops,10.96,15,2024-11-22,"New York, NY"
UQ00842,BlockTech Parka,Outerwear,19.88,15,2025-01-27,"Houston, TX"
UQ00843,BlockTech Parka,Outerwear,43.99,11,2025-04-16,"New York, NY"
UQ00844,Ultra Light Down Jacket,Outerwear,63.11,4,2025-03-10,"Los Angeles, CA"
UQ00845,BlockTech Parka,Outerwear,140.72,19,2025-05-16,"Los Angeles, CA"
UQ00846,Ultra Light Down Jacket,Outerwear,24.1,4,2024-12-17,"Houston, TX"
UQ00847,Chino Shorts,Bottoms,45.85,20,2024-11-16,"New York, NY"
UQ00848,Cotton Long Sleeve,Tops,103.71,15,2025-04-22,"Los Angeles, CA"
UQ00849,UV Cut Hat,Accessories,84.42,8,2025-05-22,"Houston, TX"
UQ00850,AIRism T-Shirt,Tops,53.48,4,2025-01-02,"New York, NY"
UQ00851,Leggings Pants,Bottoms,110.37,2,2024-11-24,"Los Angeles, CA"
UQ00852,BlockTech Parka,Outerwear,48.07,4,2025-05-18,"New York, NY"
UQ00853,BlockTech Parka,Outerwear,125.14,11,2024-08-04,"Chicago, IL"
UQ00854,Linen Shirt,Tops,27.15,12,2025-03-19,"Chicago, IL"
UQ00855,UV Cut Hat,Accessories,35.3,13,2025-05-04,"Los Angeles, CA"
UQ00856,Cotton Long Sleeve,Tops,35.74,17,2024-12-05,"Houston, TX"
UQ00857,Cotton Long Sleeve,Tops,89.32,10,2024-11-25,"Houston, TX"
UQ00858,Mini Shoulder Bag,Accessories,138.39,20,2024-09-12,"San Francisco, CA"
UQ00859,Leggings Pants,Bottoms,77.6,7,2025-03-22,"Houston, TX"
UQ00860,BlockTech Parka,Outerwear,124.1,12,2024-09-08,"San Francisco, CA"
UQ00861,AIRism T-Shirt,Tops,15.98,10,2025-04-26,"Los Angeles, CA"
UQ00862,Ultra Light Down Jacket,Outerwear,25.62,13,2025-02-06,"Houston, TX"
UQ00863,Leggings Pants,Bottoms,94.13,9,2024-09-19,"Houston, TX"
UQ00864,Hooded Coat,Outerwear,121.02,15,2025-03-28,"Houston, TX"
UQ00865,Hooded Coat,Outerwear,95.44,10,2025-04-02,"Houston, TX"
UQ00866,UV Cut Hat,Accessories,135.9,16,2024-12-23,"San Francisco, CA"
UQ00867,Linen Shirt,Tops,87.83,5,2024-12-09,"New York, NY"
UQ00868,Cotton Long Sleeve,Tops,52.19,19,2025-02-02,"Houston, TX"
UQ00869,Chino Shorts,Bottoms,129.06,7,2024-09-04,"Chicago, IL"
UQ00870,Leggings Pants,Bottoms,103.36,18,2024-09-18,"Los Angeles, CA"
UQ00871,HeatTech Scarf,Accessories,117.23,10,2024-11-21,"Chicago, IL"
UQ00872,BlockTech Parka,Outerwear,73.15,18,2024-07-04,"Chicago, IL"
UQ00873,Linen Shirt,Tops,31.32,17,2025-03-08,"Chicago, IL"
UQ00874,Leggings Pants,Bottoms,113.06,2,2024-09-22,"Los Angeles, CA"
UQ00875,Hooded Coat,Outerwear,76.1,17,2024-09-03,"New York, NY"
UQ00876,BlockTech Parka,Outerwear,34.88,5,2024-09-17,"Chicago, IL"
UQ00877,UV Cut Hat,Accessories,99.78,7,2024-10-12,"New York, NY"
UQ00878,Hooded Coat,Outerwear,86.44,10,2024-10-06,"Houston, TX"
UQ00879,Mini Shoulder Bag,Accessories,45.86,13,2025-05-16,"New York, NY"
UQ00880,Mini Shoulder Bag,Accessories,93.13,2,2024-12-30,"Houston, TX"
UQ00881,Linen Shirt,Tops,48.34,7,2024-07-05,"Houston, TX"
UQ00882,Ultra Light Down Jacket,Outerwear,107.22,3,2024-07-27,"Chicago, IL"
UQ00883,Mini Shoulder Bag,Accessories,71.88,7,2024-08-01,"Chicago, IL"
UQ00884,Mini Shoulder Bag,Accessories,111.33,11,2024-09-01,"Los Angeles, CA"
UQ00885,Cotton Long Sleeve,Tops,148.68,14,2024-10-30,"New York, NY"
UQ00886,Ultra Light Down Jacket,Outerwear,24.48,6,2025-02-28,"Chicago, IL"
UQ00887,Ultra Stretch Jeans,Bottoms,90.87,7,2024-08-02,"New York, NY"
UQ00888,Chino Shorts,Bottoms,118.07,4,2025-03-05,"Los Angeles, CA"
UQ00889,Leggings Pants,Bottoms,21.89,1,2024-08-26,"Houston, TX"
UQ00890,UV Cut Hat,Accessories,93.31,9,2024-06-28,"San Francisco, CA"
UQ00891,BlockTech Parka,Outerwear,55.17,6,2024-11-12,"Los Angeles, CA"
UQ00892,Linen Shirt,Tops,59.6,4,2024-11-09,"Chicago, IL"
UQ00893,UV Cut Hat,Accessories,71.84,2,2024-10-10,"San Francisco, CA"
UQ00894,Hooded Coat,Outerwear,103.64,12,2024-12-31,"San Francisco, CA"
UQ00895,Leggings Pants,Bottoms,42.62,8,2024-12-01,"Houston, TX"
UQ00896,Chino Shorts,Bottoms,133.11,18,2024-11-12,"San Francisco, CA"
UQ00897,BlockTech Parka,Outerwear,105.12,12,2024-06-28,"Houston, TX"
UQ00898,AIRism T-Shirt,Tops,55.31,3,2024-08-23,"New York, NY"
UQ00899,Ultra Stretch Jeans,Bottoms,36.55,2,2025-04-23,"Los Angeles, CA"
UQ00900,Cotton Long Sleeve,Tops,149.08,2,2024-11-14,"San Francisco, CA"
UQ00901,Linen Shirt,Tops,60.71,3,2024-11-02,"Houston, TX"
UQ00902,Leggings Pants,Bottoms,112.19,20,2025-05-21,"Chicago, IL"
UQ00903,Leggings Pants,Bottoms,18.32,12,2025-03-29,"Chicago, IL"
UQ00904,HeatTech Scarf,Accessories,22.33,5,2025-01-16,"New York, NY"
UQ00905,Ultra Stretch Jeans,Bottoms,34.44,15,2025-03-01,"San Francisco, CA"
UQ00906,AIRism T-Shirt,Tops,38.03,16,2024-06-11,"Houston, TX"
UQ00907,BlockTech Parka,Outerwear,67.23,16,2025-05-02,"San Francisco, CA"
UQ00908,HeatTech Scarf,Accessories,10.07,16,2025-05-12,"Chicago, IL"
UQ00909,Ultra Light Down Jacket,Outerwear,102.99,20,2025-03-28,"Los Angeles, CA"
UQ00910,AIRism T-Shirt,Tops,76.38,13,2025-01-13,"Los Angeles, CA"
UQ00911,HeatTech Scarf,Accessories,26.68,19,2024-10-29,"Chicago, IL"
UQ00912,BlockTech Parka,Outerwear,31.24,5,2024-12-06,"New York, NY"
UQ00913,BlockTech Parka,Outerwear,113.11,12,2024-06-06,"New York, NY"
UQ00914,Cotton Long Sleeve,Tops,44.01,20,2024-10-18,"San Francisco, CA"
UQ00915,Ultra Stretch Jeans,Bottoms,97.2,18,2024-09-27,"Chicago, IL"
UQ00916,Leggings Pants,Bottoms,120.21,1,2025-03-23,"New York, NY"
UQ00917,Ultra Stretch Jeans,Bottoms,95.09,12,2024-11-02,"Houston, TX"
UQ00918,Hooded Coat,Outerwear,119.38,2,2025-05-01,"Chicago, IL"
UQ00919,Chino Shorts,Bottoms,18.74,4,2025-05-16,"San Francisco, CA"
UQ00920,Hooded Coat,Outerwear,52.34,18,2025-04-24,"Houston, TX"
UQ00921,Cotton Long Sleeve,Tops,57.73,9,2024-11-13,"Los Angeles, CA"
UQ00922,AIRism T-Shirt,Tops,22.17,9,2024-12-30,"Chicago, IL"
UQ00923,Cotton Long Sleeve,Tops,81.26,3,2025-03-21,"Los Angeles, CA"
UQ00924,Mini Shoulder Bag,Accessories,65.48,4,2025-03-16,"Chicago, IL"
UQ00925,Hooded Coat,Outerwear,132.17,6,2025-01-02,"Chicago, IL"
UQ00926,HeatTech Scarf,Accessories,138.61,11,2025-04-10,"Los Angeles, CA"
UQ00927,UV Cut Hat,Accessories,90.34,5,2025-01-24,"Chicago, IL"
UQ00928,Leggings Pants,Bottoms,64.65,12,2025-05-18,"San Francisco, CA"
UQ00929,Leggings Pants,Bottoms,140.18,10,2024-08-28,"New York, NY"
UQ00930,AIRism T-Shirt,Tops,85.46,13,2024-12-10,"Houston, TX"
UQ00931,Cotton Long Sleeve,Tops,63.19,10,2024-08-28,"New York, NY"
UQ00932,Hooded Coat,Outerwear,131.43,6,2024-09-17,"Chicago, IL"
UQ00933,HeatTech Scarf,Accessories,29.68,7,2024-11-20,"San Francisco, CA"
UQ00934,Mini Shoulder Bag,Accessories,52.56,9,2024-12-09,"New York, NY"
UQ00935,Mini Shoulder Bag,Accessories,55.05,3,2024-06-15,"Los Angeles, CA"
UQ00936,Hooded Coat,Outerwear,34.19,2,2024-11-02,"San Francisco, CA"
UQ00937,Cotton Long Sleeve,Tops,41.21,14,2024-10-12,"Los Angeles, CA"
UQ00938,Mini Shoulder Bag,Accessories,146.49,10,2025-02-18,"San Francisco, CA"
UQ00939,Hooded Coat,Outerwear,125.05,1,2025-02-22,"Los Angeles, CA"
UQ00940,Chino Shorts,Bottoms,139.09,14,2025-04-09,"Houston, TX"
UQ00941,Chino Shorts,Bottoms,29.39,16,2024-11-08,"Chicago, IL"
UQ00942,Cotton Long Sleeve,Tops,116.97,20,2025-03-12,"Chicago, IL"
UQ00943,Ultra Stretch Jeans,Bottoms,80.26,9,2024-08-07,"Houston, TX"
UQ00944,Ultra Stretch Jeans,Bottoms,125.43,13,2025-04-26,"Chicago, IL"
UQ00945,BlockTech Parka,Outerwear,61.35,8,2024-12-02,"Houston, TX"
UQ00946,AIRism T-Shirt,Tops,76.85,4,2025-05-27,"Houston, TX"
UQ00947,AIRism T-Shirt,Tops,28.82,4,2024-07-23,"Chicago, IL"
UQ00948,Leggings Pants,Bottoms,21.1,12,2025-01-31,"New York, NY"
UQ00949,Mini Shoulder Bag,Accessories,145.12,13,2024-12-28,"San Francisco, CA"
UQ00950,Linen Shirt,Tops,141.0,20,2024-06-14,"New York, NY"
UQ00951,Hooded Coat,Outerwear,71.43,6,2025-05-22,"Los Angeles, CA"
UQ00952,AIRism T-Shirt,Tops,9.95,11,2024-11-04,"Houston, TX"
UQ00953,Mini Shoulder Bag,Accessories,96.64,19,2025-01-19,"San Francisco, CA"
UQ00954,Ultra Stretch Jeans,Bottoms,64.0,5,2025-01-09,"Houston, TX"
UQ00955,UV Cut Hat,Accessories,119.21,10,2025-02-16,"Houston, TX"
UQ00956,HeatTech Scarf,Accessories,39.55,11,2024-06-14,"Los Angeles, CA"
UQ00957,UV Cut Hat,Accessories,115.5,15,2024-07-06,"Los Angeles, CA"
UQ00958,Ultra Light Down Jacket,Outerwear,147.62,19,2025-02-08,"New York, NY"
UQ00959,Mini Shoulder Bag,Accessories,33.79,9,2024-11-17,"Houston, TX"
UQ00960,Hooded Coat,Outerwear,119.48,14,2024-07-26,"San Francisco, CA"
UQ00961,HeatTech Scarf,Accessories,24.05,16,2025-05-06,"Chicago, IL"
UQ00962,Hooded Coat,Outerwear,106.73,1,2024-11-30,"San Francisco, CA"
UQ00963,Ultra Stretch Jeans,Bottoms,81.22,7,2024-08-13,"Houston, TX"
UQ00964,Ultra Light Down Jacket,Outerwear,41.95,5,2024-06-23,"Chicago, IL"
UQ00965,HeatTech Scarf,Accessories,96.03,20,2024-09-13,"New York, NY"
UQ00966,AIRism T-Shirt,Tops,34.23,4,2024-10-29,"Chicago, IL"
UQ00967,AIRism T-Shirt,Tops,83.69,7,2024-10-09,"San Francisco, CA"
UQ00968,Chino Shorts,Bottoms,111.3,5,2024-08-25,"Los Angeles, CA"
UQ00969,UV Cut Hat,Accessories,134.02,3,2024-11-27,"San Francisco, CA"
UQ00970,Hooded Coat,Outerwear,61.39,14,2024-10-08,"Houston, TX"
UQ00971,Linen Shirt,Tops,34.66,5,2024-10-13,"Chicago, IL"
UQ00972,BlockTech Parka,Outerwear,11.44,2,2025-03-26,"San Francisco, CA"
UQ00973,BlockTech Parka,Outerwear,28.63,6,2025-05-11,"Houston, TX"
UQ00974,Cotton Long Sleeve,Tops,46.27,10,2024-10-29,"San Francisco, CA"
UQ00975,AIRism T-Shirt,Tops,105.24,7,2024-09-20,"Los Angeles, CA"
UQ00976,AIRism T-Shirt,Tops,96.55,13,2025-03-23,"Los Angeles, CA"
UQ00977,Ultra Stretch Jeans,Bottoms,11.6,18,2025-04-23,"Los Angeles, CA"
UQ00978,UV Cut Hat,Accessories,98.0,18,2024-11-14,"Los Angeles, CA"
UQ00979,AIRism T-Shirt,Tops,18.95,4,2024-09-09,"San Francisco, CA"
UQ00980,Linen Shirt,Tops,61.9,17,2025-04-24,"New York, NY"
UQ00981,Ultra Stretch Jeans,Bottoms,86.61,20,2024-07-05,"Houston, TX"
UQ00982,UV Cut Hat,Accessories,47.14,4,2024-12-03,"New York, NY"
UQ00983,Cotton Long Sleeve,Tops,130.95,16,2024-06-11,"Chicago, IL"
UQ00984,Chino Shorts,Bottoms,113.13,8,2025-03-21,"New York, NY"
UQ00985,HeatTech Scarf,Accessories,123.4,20,2024-12-30,"Houston, TX"
UQ00986,UV Cut Hat,Accessories,130.24,10,2024-06-24,"San Francisco, CA"
UQ00987,AIRism T-Shirt,Tops,119.8,13,2024-10-17,"Houston, TX"
UQ00988,Mini Shoulder Bag,Accessories,28.54,17,2024-08-30,"Chicago, IL"
UQ00989,AIRism T-Shirt,Tops,102.12,9,2025-02-11,"Los Angeles, CA"
UQ00990,Linen Shirt,Tops,106.24,16,2024-06-30,"Los Angeles, CA"
UQ00991,Cotton Long Sleeve,Tops,45.55,10,2025-04-03,"Houston, TX"
UQ00992,Ultra Light Down Jacket,Outerwear,140.14,8,2025-02-12,"Houston, TX"
UQ00993,Chino Shorts,Bottoms,74.51,11,2024-06-19,"Los Angeles, CA"
UQ00994,Linen Shirt,Tops,79.26,8,2025-03-23,"Houston, TX"
UQ00995,HeatTech Scarf,Accessories,135.22,8,2024-06-16,"Chicago, IL"
UQ00996,Ultra Light Down Jacket,Outerwear,41.68,17,2024-09-08,"Los Angeles, CA"
UQ00997,Cotton Long Sleeve,Tops,19.23,13,2024-08-20,"New York, NY"
UQ00998,BlockTech Parka,Outerwear,30.92,12,2025-04-25,"Houston, TX"
UQ00999,UV Cut Hat,Accessories,81.61,5,2024-06-11,"Chicago, IL"
UQ01000,Ultra Light Down Jacket,Outerwear,16.6,8,2025-01-31,"Houston, TX"
